Block,Lane,Passes,Vehicle,Water,Distance,GNDVI,LCI,NDRE,NDVI,OSAVI
C,1,1,KXI,W,1,0.426219552,0.239478228,0.188526002,0.508178696,0.095788909
C,1,1,KXI,W,2,0.449405812,0.252255147,0.197507374,0.525856576,0.111351891
C,1,1,KXI,W,3,0.567375432,0.273309915,0.207326844,0.590283193,0.272730908
C,1,1,KXI,W,4,0.575520585,0.268521815,0.200300311,0.609793717,0.326600847
C,1,1,KXI,W,5,0.555472606,0.246915944,0.18671929,0.56996506,0.304697247
C,1,1,KXI,W,6,0.525078773,0.22695854,0.17729668,0.506551141,0.274930653
C,1,1,KXI,W,7,0.51887339,0.222533099,0.174352085,0.49823606,0.273157633
C,1,1,KXI,W,8,0.546481026,0.241178856,0.184368019,0.549034867,0.291516701
C,1,1,KXI,W,9,0.522947775,0.226981569,0.176972647,0.508691045,0.271712514
C,1,1,KXI,W,10,0.524684823,0.236482293,0.187262665,0.498453277,0.271259693
C,1,1,KXI,W,11,0.518628648,0.232622555,0.186790876,0.476612562,0.250595356
C,1,1,KXI,W,12,0.533647213,0.236934621,0.188220344,0.49513708,0.266368609
C,1,1,KXI,W,13,0.551574113,0.252661029,0.198765101,0.523431876,0.284801676
C,1,1,KXI,W,14,0.543108843,0.248336305,0.197639987,0.502603352,0.270245046
C,1,1,KXI,W,15,0.526736748,0.236079696,0.188705145,0.48341064,0.255940122
C,1,1,KXI,W,16,0.52210141,0.235832853,0.186081949,0.490905734,0.278741048
C,1,1,KXI,W,17,0.585085277,0.284047213,0.215170849,0.60194571,0.306614588
C,1,1,KXI,W,18,0.578599662,0.267580974,0.206153549,0.566578297,0.322704353
C,1,1,KXI,W,19,0.572473129,0.261642305,0.197113236,0.589512337,0.304749237
C,1,1,KXI,W,20,0.546263752,0.236996095,0.181448093,0.54299093,0.285093361
C,1,1,KXI,W,21,0.543754923,0.232095178,0.179288555,0.527811334,0.281951835
C,1,1,KXI,W,22,0.538359033,0.226755311,0.175564573,0.520113436,0.282842853
C,1,1,KXI,W,23,0.485107475,0.204570048,0.166459599,0.431295221,0.217387789
C,1,1,KXI,W,24,0.434710373,0.176685877,0.140117364,0.406331543,0.211431919
C,1,1,KXI,W,25,0.551910667,0.234775443,0.177671898,0.558495275,0.285197843
C,1,1,KXI,W,26,0.495926999,0.20310557,0.162515063,0.453893496,0.228984409
C,1,1,KXI,W,27,0.494106092,0.197556861,0.158986447,0.440866848,0.233766006
C,1,1,KXI,W,28,0.467075374,0.18204854,0.151035326,0.387226718,0.218092164
C,1,1,KXI,W,29,0.469662568,0.184688157,0.151082494,0.407217469,0.219765736
C,1,1,KXI,W,30,0.476363673,0.186222646,0.152196364,0.410068297,0.22437215
C,2,10,KXI,W,1,0.489539393,0.231377839,0.177295641,0.537628747,0.187495585
C,2,10,KXI,W,2,0.548758801,0.239336921,0.179860922,0.572666196,0.290875798
C,2,10,KXI,W,3,0.557617674,0.247879512,0.186669917,0.579157011,0.292538387
C,2,10,KXI,W,4,0.530959758,0.230277067,0.176320526,0.539042588,0.275430913
C,2,10,KXI,W,5,0.493162204,0.205725004,0.164334813,0.456134349,0.239937667
C,2,10,KXI,W,6,0.521709119,0.221640854,0.17529262,0.486510514,0.269228722
C,2,10,KXI,W,7,0.527373333,0.233847145,0.181371108,0.525227714,0.260933816
C,2,10,KXI,W,8,0.516851043,0.228911609,0.18147766,0.49162156,0.247335142
C,2,10,KXI,W,9,0.508468841,0.226049403,0.178972327,0.486587794,0.251775184
C,2,10,KXI,W,10,0.491057918,0.207396782,0.16695868,0.443972359,0.242768373
C,2,10,KXI,W,11,0.499965106,0.213760973,0.170926458,0.458100582,0.248933495
C,2,10,KXI,W,12,0.483969865,0.207383207,0.17072357,0.421623671,0.223794618
C,2,10,KXI,W,13,0.493011283,0.211104137,0.173117432,0.430523816,0.2283366
C,2,10,KXI,W,14,0.488024832,0.204864593,0.166884525,0.43148493,0.234068174
C,2,10,KXI,W,15,0.512034065,0.218348152,0.176325815,0.456547966,0.246769957
C,2,10,KXI,W,16,0.505133137,0.216625134,0.176518504,0.440868673,0.242154643
C,2,10,KXI,W,17,0.501375732,0.21376949,0.17606395,0.42888318,0.244801887
C,2,10,KXI,W,18,0.481611137,0.195485303,0.163291516,0.392714929,0.217641283
C,2,10,KXI,W,19,0.512588438,0.2107929,0.170174739,0.450589015,0.252770138
C,2,10,KXI,W,20,0.518138674,0.217354037,0.17577944,0.457600781,0.243964604
C,2,10,KXI,W,21,0.499834536,0.207152063,0.170436553,0.423319926,0.230235933
C,2,10,KXI,W,22,0.512180103,0.217591094,0.176208959,0.453228606,0.238695815
C,2,10,KXI,W,23,0.486160278,0.20037624,0.16628396,0.407881239,0.22055013
C,2,10,KXI,W,24,0.476130266,0.195014397,0.16362211,0.390278866,0.203344991
C,2,10,KXI,W,25,0.486627475,0.201674782,0.165859872,0.418681517,0.212320011
C,2,10,KXI,W,26,0.469242276,0.187178813,0.155470782,0.392937376,0.203912015
C,2,10,KXI,W,27,0.474357554,0.192527068,0.158682933,0.402763539,0.224479949
C,2,10,KXI,W,28,0.490731691,0.212316088,0.172254284,0.44086426,0.230817153
C,2,10,KXI,W,29,0.451424678,0.184560599,0.15453538,0.376351123,0.198361709
C,2,10,KXI,W,30,0.45573156,0.188183744,0.155472457,0.391938199,0.213174195
C,3,30,KXI,A,1,0.508044205,0.218228968,0.17864667,0.440619665,0.275608036
C,3,30,KXI,A,2,0.508199647,0.219402585,0.179903274,0.437029229,0.269382852
C,3,30,KXI,A,3,0.516550308,0.235100705,0.192120145,0.459032734,0.266763045
C,3,30,KXI,A,4,0.471670989,0.203887832,0.172355739,0.384365499,0.22052961
C,3,30,KXI,A,5,0.498209958,0.216533336,0.178889062,0.423105468,0.247515254
C,3,30,KXI,A,6,0.486117091,0.207061922,0.176412209,0.381415272,0.222408047
C,3,30,KXI,A,7,0.49585478,0.216546428,0.180486363,0.417110302,0.230454087
C,3,30,KXI,A,8,0.503243167,0.220447635,0.184289728,0.417367729,0.238734638
C,3,30,KXI,A,9,0.487594366,0.212707545,0.180536008,0.389209719,0.222258877
C,3,30,KXI,A,10,0.478809064,0.206755786,0.178170746,0.366751778,0.211104475
C,3,30,KXI,A,11,0.49823791,0.2192786,0.185820955,0.400426603,0.230625688
C,3,30,KXI,A,12,0.466179468,0.2047393,0.175464998,0.368527249,0.200598928
C,3,30,KXI,A,13,0.454447253,0.196101439,0.168831935,0.354353585,0.196868221
C,3,30,KXI,A,14,0.466425445,0.195398368,0.168173032,0.355744928,0.199633919
C,3,30,KXI,A,15,0.47176991,0.194611028,0.166971431,0.357727979,0.20643534
C,3,30,KXI,A,16,0.493049756,0.209027358,0.1753663,0.397580033,0.229962281
C,3,30,KXI,A,17,0.50052102,0.217171498,0.18348821,0.39922989,0.224168941
C,3,30,KXI,A,18,0.48516272,0.202376745,0.174513653,0.362130042,0.210148441
C,3,30,KXI,A,19,0.481274297,0.196062072,0.168725597,0.357619657,0.212284431
C,3,30,KXI,A,20,0.490258655,0.207451942,0.174713591,0.391778789,0.226525524
C,3,30,KXI,A,21,0.449688532,0.184477637,0.160555006,0.327424258,0.190111002
C,3,30,KXI,A,22,0.493428834,0.211776836,0.176263021,0.406511856,0.236857879
C,3,30,KXI,A,23,0.463383168,0.189800923,0.162827709,0.352974751,0.204982664
C,3,30,KXI,A,24,0.44472271,0.183314485,0.158861041,0.335184285,0.190022275
C,3,30,KXI,A,25,0.448251161,0.183696088,0.159054697,0.333759535,0.198055605
C,3,30,KXI,A,26,0.471410577,0.197495868,0.168147001,0.36805661,0.210733053
C,3,30,KXI,A,27,0.473330813,0.20408064,0.172101289,0.384076572,0.223530159
C,3,30,KXI,A,28,0.456584678,0.192912135,0.163343186,0.368351824,0.212040263
C,3,30,KXI,A,29,0.433068795,0.177535711,0.151710428,0.340376474,0.192274259
C,3,30,KXI,A,30,0.445145809,0.184215904,0.155903202,0.361251838,0.207971035
C,4,30,Standard,A,1,0.387818105,0.198587259,0.156035296,0.472726795,0.112885239
C,4,30,Standard,A,2,0.486518645,0.205217665,0.164423529,0.457580539,0.211807459
C,4,30,Standard,A,3,0.489973007,0.194769035,0.1564205,0.444156444,0.228346911
C,4,30,Standard,A,4,0.470239607,0.18014688,0.148880143,0.392039259,0.214364991
C,4,30,Standard,A,5,0.494686918,0.19152238,0.154741745,0.432746683,0.249872437
C,4,30,Standard,A,6,0.510596224,0.205771136,0.164574668,0.459659897,0.256291335
C,4,30,Standard,A,7,0.526727092,0.221669335,0.174395711,0.497518057,0.271698578
C,4,30,Standard,A,8,0.507312318,0.206262053,0.162277667,0.479342366,0.260033475
C,4,30,Standard,A,9,0.491324923,0.193392112,0.155378395,0.43846405,0.243721996
C,4,30,Standard,A,10,0.483786324,0.190415389,0.152707401,0.436745221,0.231836649
C,4,30,Standard,A,11,0.444847626,0.164019557,0.134878884,0.377913531,0.21248907
C,4,30,Standard,A,12,0.441037389,0.160537701,0.132923492,0.367481571,0.203799153
C,4,30,Standard,A,13,0.466378714,0.179659088,0.145774584,0.412061083,0.22518841
C,4,30,Standard,A,14,0.459242772,0.178407427,0.145818134,0.401950687,0.218137521
C,4,30,Standard,A,15,0.471917156,0.192276865,0.156847781,0.416460987,0.221297553
C,4,30,Standard,A,16,0.49779578,0.212566949,0.170241412,0.460221037,0.234208042
C,4,30,Standard,A,17,0.458167595,0.18404756,0.15128262,0.400102439,0.209163388
C,4,30,Standard,A,18,0.47064181,0.188631648,0.154719411,0.406836089,0.219438757
C,4,30,Standard,A,19,0.473956195,0.195011855,0.159880365,0.41332044,0.209607883
C,4,30,Standard,A,20,0.491424341,0.202799165,0.165196183,0.428338577,0.239939039
C,4,30,Standard,A,21,0.503886509,0.219531551,0.17488513,0.472756303,0.246736018
C,4,30,Standard,A,22,0.47573024,0.20308459,0.165272057,0.42797791,0.214665956
C,4,30,Standard,A,23,0.468274973,0.193701931,0.159363542,0.40638115,0.214983183
C,4,30,Standard,A,24,0.45568216,0.18874551,0.157131279,0.385724637,0.208432201
C,4,30,Standard,A,25,0.470736314,0.202930224,0.167399298,0.411881863,0.215556851
C,4,30,Standard,A,26,0.500496786,0.231156936,0.187140926,0.458600256,0.235541674
C,4,30,Standard,A,27,0.450714307,0.20028179,0.16716986,0.394277231,0.200904957
C,4,30,Standard,A,28,0.474126333,0.210569531,0.173003835,0.421620402,0.222736145
C,4,30,Standard,A,29,0.458019802,0.199469466,0.166217166,0.395040248,0.20794395
C,4,30,Standard,A,30,0.483854808,0.21654856,0.177820127,0.424788424,0.235003616
C,5,10,KXI,A,1,0.528536271,0.227282407,0.177110467,0.511318869,0.261630025
C,5,10,KXI,A,2,0.564479111,0.241429285,0.184731663,0.549100655,0.297693938
C,5,10,KXI,A,3,0.526554081,0.212484194,0.168338794,0.474072968,0.26170183
C,5,10,KXI,A,4,0.517327226,0.204121655,0.162638294,0.459742971,0.269693277
C,5,10,KXI,A,5,0.515795328,0.214678619,0.170204428,0.475870908,0.259020857
C,5,10,KXI,A,6,0.520140775,0.224072736,0.176807991,0.488948031,0.264351576
C,5,10,KXI,A,7,0.534581456,0.227994805,0.177904269,0.507738437,0.277171722
C,5,10,KXI,A,8,0.510498821,0.214097799,0.17123838,0.462274758,0.253507438
C,5,10,KXI,A,9,0.513672859,0.21304192,0.168806894,0.474619183,0.26612441
C,5,10,KXI,A,10,0.525756552,0.219908985,0.172985937,0.489986257,0.273458852
C,5,10,KXI,A,11,0.499323927,0.204481545,0.164984203,0.440946684,0.24115611
C,5,10,KXI,A,12,0.501275976,0.205319587,0.165130685,0.446775265,0.251325032
C,5,10,KXI,A,13,0.49553648,0.205924857,0.16557085,0.445197546,0.237631322
C,5,10,KXI,A,14,0.469387752,0.193547312,0.158660829,0.410482854,0.221883286
C,5,10,KXI,A,15,0.458909465,0.189597082,0.157069838,0.393914867,0.214002141
C,5,10,KXI,A,16,0.444043921,0.186975549,0.154760334,0.386927712,0.208325595
C,5,10,KXI,A,17,0.462550378,0.207742032,0.167599236,0.435110973,0.194595452
C,5,10,KXI,A,18,0.494184588,0.209730736,0.167906182,0.455344362,0.246735097
C,5,10,KXI,A,19,0.506970954,0.221343153,0.179429046,0.453440116,0.248438796
C,5,10,KXI,A,20,0.523936059,0.233611696,0.185957989,0.490142076,0.264987712
C,5,10,KXI,A,21,0.512145512,0.229933969,0.183566468,0.478457468,0.249677916
C,5,10,KXI,A,22,0.514139126,0.230853013,0.184096953,0.478103954,0.256740451
C,5,10,KXI,A,23,0.485030354,0.213898969,0.17625494,0.424838199,0.222833519
C,5,10,KXI,A,24,0.529188555,0.240810047,0.190149981,0.499575687,0.267387942
C,5,10,KXI,A,25,0.523417509,0.238626135,0.191654291,0.481656626,0.251718945
C,5,10,KXI,A,26,0.550584094,0.263105473,0.20579575,0.539682012,0.269129499
C,5,10,KXI,A,27,0.540440202,0.252764799,0.199269801,0.517820277,0.267314076
C,5,10,KXI,A,28,0.538689593,0.250214126,0.198505037,0.508757143,0.269872125
C,5,10,KXI,A,29,0.51466396,0.236915321,0.191240123,0.471285666,0.251902169
C,5,10,KXI,A,30,0.502828154,0.228097856,0.188539083,0.434448159,0.247131752
C,6,NA,Control,NA,1,0.553434663,0.225440202,0.168343567,0.565366458,0.319402955
C,6,NA,Control,NA,2,0.586823847,0.238842218,0.170548126,0.639050173,0.354596106
C,6,NA,Control,NA,3,0.512730823,0.193807784,0.150072256,0.48583135,0.244605335
C,6,NA,Control,NA,4,0.505482002,0.192794447,0.15005819,0.476951124,0.25179461
C,6,NA,Control,NA,5,0.529819428,0.210162532,0.158950197,0.532851671,0.275175531
C,6,NA,Control,NA,6,0.517894567,0.209381365,0.160608385,0.509660823,0.257531155
C,6,NA,Control,NA,7,0.546789004,0.221831099,0.164499106,0.564826043,0.288386001
C,6,NA,Control,NA,8,0.518381341,0.202678309,0.152533106,0.527952211,0.270448611
C,6,NA,Control,NA,9,0.507362506,0.191207912,0.144718271,0.511450563,0.256042132
C,6,NA,Control,NA,10,0.485438262,0.17991167,0.140040912,0.464234169,0.230173412
C,6,NA,Control,NA,11,0.495637622,0.182078014,0.141634902,0.466950937,0.231687015
C,6,NA,Control,NA,12,0.491036411,0.18668368,0.145725396,0.466077817,0.234154702
C,6,NA,Control,NA,13,0.528493919,0.216699774,0.164021855,0.537213816,0.265462373
C,6,NA,Control,NA,14,0.499746935,0.198337152,0.153339823,0.490240534,0.236442766
C,6,NA,Control,NA,15,0.493006338,0.198175244,0.153286973,0.489450819,0.228031885
C,6,NA,Control,NA,16,0.469429157,0.1839982,0.143246965,0.465315813,0.226678854
C,6,NA,Control,NA,17,0.510551828,0.200143675,0.150548501,0.526371132,0.26711084
C,6,NA,Control,NA,18,0.542533081,0.229124995,0.168430838,0.588319902,0.262918868
C,6,NA,Control,NA,19,0.542193761,0.231414733,0.171478842,0.579085956,0.284407846
C,6,NA,Control,NA,20,0.552965523,0.240731456,0.177912853,0.594575608,0.283650427
C,6,NA,Control,NA,21,0.499195863,0.205643467,0.157945118,0.508339171,0.242840786
C,6,NA,Control,NA,22,0.49331613,0.203454094,0.160339003,0.47177153,0.231892105
C,6,NA,Control,NA,23,0.512880802,0.213070619,0.166870865,0.489686048,0.244965507
C,6,NA,Control,NA,24,0.494569904,0.207918785,0.164294956,0.471131923,0.224933349
C,6,NA,Control,NA,25,0.508717302,0.213452688,0.166023682,0.4962213,0.248221036
C,6,NA,Control,NA,26,0.498257558,0.205383932,0.15903874,0.493752366,0.247508051
C,6,NA,Control,NA,27,0.480902354,0.195437764,0.153786154,0.462730155,0.225194415
C,6,NA,Control,NA,28,0.51461383,0.211718797,0.164548113,0.494260915,0.26666809
C,6,NA,Control,NA,29,0.565960258,0.250272851,0.18866789,0.577328976,0.272880067
C,6,NA,Control,NA,30,0.552750709,0.240210361,0.182781323,0.554499889,0.276922227
C,7,1,Standard,A,1,0.521021524,0.197594402,0.14829949,0.530324852,0.297503611
C,7,1,Standard,A,2,0.532138651,0.20161698,0.148567911,0.557534689,0.299800208
C,7,1,Standard,A,3,0.52246722,0.195938601,0.143830139,0.556277403,0.290630612
C,7,1,Standard,A,4,0.492494565,0.177972205,0.134416446,0.500249368,0.268341017
C,7,1,Standard,A,5,0.506204248,0.187657154,0.140797607,0.520249785,0.255819863
C,7,1,Standard,A,6,0.53133881,0.209948821,0.153967339,0.573795709,0.282667459
C,7,1,Standard,A,7,0.480938026,0.178109732,0.138025985,0.466388506,0.241935813
C,7,1,Standard,A,8,0.502922376,0.189949092,0.144347645,0.503187953,0.277011671
C,7,1,Standard,A,9,0.473254906,0.178688738,0.139827787,0.45435243,0.236467658
C,7,1,Standard,A,10,0.476465914,0.178390057,0.138194159,0.467548737,0.234333836
C,7,1,Standard,A,11,0.487112062,0.18331723,0.142378939,0.468202596,0.236913005
C,7,1,Standard,A,12,0.466342849,0.178525771,0.140657025,0.444508713,0.221725731
C,7,1,Standard,A,13,0.472299779,0.186628708,0.147231013,0.45144249,0.231203046
C,7,1,Standard,A,14,0.474830659,0.188660219,0.149038323,0.451674442,0.233615331
C,7,1,Standard,A,15,0.464305,0.182177454,0.145476332,0.431694705,0.217919291
C,7,1,Standard,A,16,0.460791244,0.183139534,0.150381411,0.399662383,0.206906162
C,7,1,Standard,A,17,0.455058761,0.186958162,0.154323481,0.396513969,0.206001337
C,7,1,Standard,A,18,0.447399152,0.181542114,0.150110244,0.387927214,0.214856182
C,7,1,Standard,A,19,0.453207517,0.185860091,0.154192846,0.388709243,0.199670921
C,7,1,Standard,A,20,0.463017139,0.192902208,0.159255937,0.401262302,0.206563829
C,7,1,Standard,A,21,0.479074583,0.200696802,0.162396562,0.433882543,0.221044821
C,7,1,Standard,A,22,0.460656892,0.188528499,0.155179808,0.401585539,0.211799693
C,7,1,Standard,A,23,0.48384221,0.201598779,0.162810276,0.435970153,0.237122651
C,7,1,Standard,A,24,0.461496745,0.191572866,0.157229391,0.407542935,0.214224147
C,7,1,Standard,A,25,0.502463969,0.21026271,0.165727281,0.474178972,0.254226053
C,7,1,Standard,A,26,0.484058231,0.20035239,0.16231223,0.430103437,0.234715184
C,7,1,Standard,A,27,0.501041593,0.213374667,0.172173918,0.45073752,0.244221937
C,7,1,Standard,A,28,0.513393612,0.220059642,0.176651488,0.463594097,0.264114062
C,7,1,Standard,A,29,0.554232244,0.244506119,0.187593841,0.54697339,0.301707759
C,7,1,Standard,A,30,0.509156896,0.21013235,0.167627291,0.460451751,0.251141324
C,8,NA,Control,NA,1,0.58335749,0.246947361,0.17878953,0.62520804,0.370549469
C,8,NA,Control,NA,2,0.520926356,0.205943288,0.15809468,0.506967121,0.288187324
C,8,NA,Control,NA,3,0.520779629,0.208711965,0.158669967,0.523224237,0.286699318
C,8,NA,Control,NA,4,0.518699244,0.210620991,0.163130501,0.500716478,0.25753155
C,8,NA,Control,NA,5,0.512408898,0.210145553,0.163944595,0.489715724,0.263020445
C,8,NA,Control,NA,6,0.509093486,0.207601158,0.166333489,0.454281579,0.246569155
C,8,NA,Control,NA,7,0.538526456,0.22305954,0.174916654,0.496968426,0.277212614
C,8,NA,Control,NA,8,0.529994962,0.220090827,0.172219692,0.4956209,0.272956106
C,8,NA,Control,NA,9,0.544146024,0.227872165,0.173730879,0.537381173,0.291128297
C,8,NA,Control,NA,10,0.555475482,0.23607471,0.178949663,0.554378462,0.2899083
C,8,NA,Control,NA,11,0.580489495,0.253828386,0.188647274,0.598127067,0.328912468
C,8,NA,Control,NA,12,0.56997138,0.244168661,0.183077085,0.575360118,0.316893448
C,8,NA,Control,NA,13,0.53635722,0.226252658,0.1763243,0.507856423,0.262035337
C,8,NA,Control,NA,14,0.523103924,0.215530819,0.169712481,0.484339442,0.245329452
C,8,NA,Control,NA,15,0.524704191,0.21247428,0.168028954,0.475388521,0.25288856
C,8,NA,Control,NA,16,0.559175636,0.236836717,0.178920804,0.557393131,0.291908474
C,8,NA,Control,NA,17,0.501109888,0.20580168,0.163468648,0.461331716,0.222079064
C,8,NA,Control,NA,18,0.496917794,0.195474406,0.159017672,0.423258736,0.228561306
C,8,NA,Control,NA,19,0.504844472,0.200843168,0.161262579,0.444546877,0.237748737
C,8,NA,Control,NA,20,0.54538061,0.227385568,0.173946815,0.521575885,0.28725599
C,8,NA,Control,NA,21,0.520195643,0.215616552,0.170465673,0.477759127,0.250012873
C,8,NA,Control,NA,22,0.526495365,0.221361012,0.171800575,0.501252583,0.272383249
C,8,NA,Control,NA,23,0.515856956,0.211184343,0.163121525,0.493344207,0.280345335
C,8,NA,Control,NA,24,0.478084103,0.186284488,0.149136492,0.428921104,0.233581836
C,8,NA,Control,NA,25,0.47089272,0.182394251,0.14874706,0.405198846,0.20702218
C,8,NA,Control,NA,26,0.471397652,0.178216588,0.145696031,0.39907215,0.213492459
C,8,NA,Control,NA,27,0.469711603,0.182042403,0.149625378,0.397914928,0.205237529
C,8,NA,Control,NA,28,0.476589158,0.185789297,0.152503455,0.401992351,0.206796908
C,8,NA,Control,NA,29,0.506135257,0.193282195,0.15148754,0.465101843,0.267694681
C,8,NA,Control,NA,30,0.552074241,0.219616613,0.166006506,0.540061147,0.305974349
C,9,1,KXI,A,1,0.530449258,0.205516664,0.158202876,0.503560654,0.308044203
C,9,1,KXI,A,2,0.513098608,0.199925894,0.158948775,0.457788522,0.273604484
C,9,1,KXI,A,3,0.517551847,0.208835518,0.163557245,0.483556011,0.276577082
C,9,1,KXI,A,4,0.549212158,0.22582435,0.173175399,0.52802149,0.300793626
C,9,1,KXI,A,5,0.590679318,0.254523058,0.192768752,0.574240505,0.34040651
C,9,1,KXI,A,6,0.562768781,0.239689055,0.18359172,0.545374065,0.311594125
C,9,1,KXI,A,7,0.552457486,0.233857733,0.184093199,0.50169268,0.305386541
C,9,1,KXI,A,8,0.55168273,0.233162049,0.180963778,0.520432532,0.30718726
C,9,1,KXI,A,9,0.54760394,0.233810152,0.182465394,0.512577105,0.292740498
C,9,1,KXI,A,10,0.556770159,0.239489633,0.18363108,0.542992374,0.309633084
C,9,1,KXI,A,11,0.585093117,0.255775323,0.19307196,0.580648807,0.34551309
C,9,1,KXI,A,12,0.575670785,0.250417849,0.190739455,0.564162647,0.328940029
C,9,1,KXI,A,13,0.560590161,0.240082299,0.187196853,0.522867047,0.318724434
C,9,1,KXI,A,14,0.57829168,0.248660174,0.190028244,0.556496664,0.328839597
C,9,1,KXI,A,15,0.547608208,0.229004202,0.181669746,0.487773025,0.285987539
C,9,1,KXI,A,16,0.542405295,0.225479219,0.178231048,0.489857477,0.284881885
C,9,1,KXI,A,17,0.574670743,0.246670985,0.188700868,0.55363816,0.326741462
C,9,1,KXI,A,18,0.554366079,0.231384509,0.180729631,0.509999242,0.296658008
C,9,1,KXI,A,19,0.518607904,0.204390939,0.16521818,0.440826433,0.248134855
C,9,1,KXI,A,20,0.515808585,0.205094353,0.165736645,0.441867374,0.252190421
C,9,1,KXI,A,21,0.506386963,0.20403183,0.165959634,0.432061162,0.241944197
C,9,1,KXI,A,22,0.529107399,0.215980326,0.171111323,0.473865507,0.26255521
C,9,1,KXI,A,23,0.583057893,0.252387958,0.187970858,0.590400133,0.317693945
C,9,1,KXI,A,24,0.506179347,0.200146301,0.160934267,0.44068624,0.246230315
C,9,1,KXI,A,25,0.495108714,0.19462207,0.162270713,0.391343712,0.233425229
C,9,1,KXI,A,26,0.525983649,0.222573883,0.181962224,0.441348875,0.251320651
C,9,1,KXI,A,27,0.494979263,0.206897834,0.173803113,0.394082959,0.218866367
C,9,1,KXI,A,28,0.484376324,0.199630023,0.164766554,0.402369602,0.231767064
C,9,1,KXI,A,29,0.467282925,0.189886573,0.15593961,0.391569812,0.227120655
C,9,1,KXI,A,30,0.565474901,0.241175602,0.18628684,0.533515899,0.318530758
C,10,NA,Control,NA,1,0.603792454,0.257273523,0.188766817,0.618079581,0.382854736
C,10,NA,Control,NA,2,0.603983809,0.257833437,0.191170031,0.604806654,0.382162247
C,10,NA,Control,NA,3,0.603425287,0.261692284,0.194737406,0.602471405,0.366090088
C,10,NA,Control,NA,4,0.565405196,0.23715414,0.179940116,0.555682379,0.326805627
C,10,NA,Control,NA,5,0.538010142,0.222214328,0.174931469,0.491688823,0.301616164
C,10,NA,Control,NA,6,0.507993233,0.205564925,0.168425836,0.425300741,0.256562502
C,10,NA,Control,NA,7,0.496591345,0.196983356,0.162652136,0.406836759,0.245466901
C,10,NA,Control,NA,8,0.499123447,0.196069276,0.15850029,0.429666782,0.258734274
C,10,NA,Control,NA,9,0.509979548,0.206476483,0.168414603,0.431250884,0.240477308
C,10,NA,Control,NA,10,0.567751066,0.236606342,0.182486603,0.530548991,0.320605273
C,10,NA,Control,NA,11,0.604946532,0.26912616,0.200487654,0.606834854,0.349151345
C,10,NA,Control,NA,12,0.577542932,0.254404183,0.194349107,0.560336786,0.304890575
C,10,NA,Control,NA,13,0.533489605,0.221790626,0.17980495,0.454336927,0.266131169
C,10,NA,Control,NA,14,0.524418524,0.215203984,0.175272752,0.441901443,0.26227623
C,10,NA,Control,NA,15,0.507161107,0.20129062,0.163093763,0.432066101,0.257827647
C,10,NA,Control,NA,16,0.491511688,0.18958565,0.156166664,0.401283465,0.232507494
C,10,NA,Control,NA,17,0.500877639,0.192874156,0.158071723,0.412224629,0.247576148
C,10,NA,Control,NA,18,0.521788838,0.207554393,0.168773626,0.436971208,0.257613544
C,10,NA,Control,NA,19,0.566897602,0.24019098,0.188405585,0.507584124,0.321519772
C,10,NA,Control,NA,20,0.607269024,0.269616061,0.200578533,0.612771694,0.353931034
C,10,NA,Control,NA,21,0.588379708,0.246480959,0.186130124,0.571120157,0.328003809
C,10,NA,Control,NA,22,0.570232505,0.231521565,0.175735845,0.548785695,0.305353066
C,10,NA,Control,NA,23,0.539296177,0.214819556,0.170287064,0.475179755,0.264204338
C,10,NA,Control,NA,24,0.548521881,0.224641757,0.177389936,0.489613308,0.280467452
C,10,NA,Control,NA,25,0.58406078,0.247693332,0.189060563,0.557657074,0.319560981
C,10,NA,Control,NA,26,0.522224768,0.209731979,0.168455255,0.452941462,0.238267044
C,10,NA,Control,NA,27,0.544051168,0.223063233,0.177736898,0.475363158,0.262939707
C,10,NA,Control,NA,28,0.533615281,0.214362996,0.170654788,0.469196691,0.269050123
C,10,NA,Control,NA,29,0.512514967,0.206795795,0.166731555,0.443882431,0.246278715
C,10,NA,Control,NA,30,0.56561624,0.235858286,0.178646448,0.544024375,0.336645959
C,13,1,Standard,W,1,0.638131983,0.293184593,0.209204916,0.694796481,0.415803688
C,13,1,Standard,W,2,0.62835276,0.288606711,0.211841896,0.646427025,0.402494938
C,13,1,Standard,W,3,0.598739082,0.267064985,0.20303606,0.580134072,0.356077476
C,13,1,Standard,W,4,0.645689553,0.311238,0.228259476,0.671035356,0.386366975
C,13,1,Standard,W,5,0.62238649,0.289209208,0.216565843,0.622878563,0.372838338
C,13,1,Standard,W,6,0.569944816,0.251126398,0.196438506,0.526267062,0.321090837
C,13,1,Standard,W,7,0.593783322,0.265971292,0.20347912,0.570597072,0.340042097
C,13,1,Standard,W,8,0.628913123,0.290932833,0.215647093,0.638901557,0.374385199
C,13,1,Standard,W,9,0.640487175,0.299009413,0.218462354,0.666771706,0.391741131
C,13,1,Standard,W,10,0.634874047,0.287239087,0.208239124,0.666845451,0.40451714
C,13,1,Standard,W,11,0.624646645,0.278484984,0.200100613,0.66821213,0.396628814
C,13,1,Standard,W,12,0.613293739,0.269210049,0.194853408,0.651270338,0.387029507
C,13,1,Standard,W,13,0.589582221,0.25026177,0.186791152,0.588727759,0.353806199
C,13,1,Standard,W,14,0.565073141,0.23987037,0.184746257,0.537780186,0.311041862
C,13,1,Standard,W,15,0.601458126,0.270054687,0.204634781,0.587564398,0.343458711
C,13,1,Standard,W,16,0.605519326,0.269943441,0.203307839,0.595910361,0.348969967
C,13,1,Standard,W,17,0.60058129,0.261463879,0.194254667,0.607407301,0.362016111
C,13,1,Standard,W,18,0.58944942,0.25913554,0.192968698,0.601277423,0.332964886
C,13,1,Standard,W,19,0.589773916,0.264732046,0.199271666,0.593020792,0.321730278
C,13,1,Standard,W,20,0.602752894,0.274054412,0.202218426,0.625032873,0.344523574
C,13,1,Standard,W,21,0.602159252,0.266041538,0.196045359,0.623640915,0.357760783
C,13,1,Standard,W,22,0.608714692,0.26781346,0.196297732,0.631808292,0.372937276
C,13,1,Standard,W,23,0.599434561,0.262847286,0.192536811,0.62594499,0.360724405
C,13,1,Standard,W,24,0.632742506,0.291738086,0.212217853,0.662723732,0.388984135
C,13,1,Standard,W,25,0.629097836,0.287261002,0.208433914,0.659036514,0.399140634
C,13,1,Standard,W,26,0.59796675,0.267016359,0.198070451,0.608061771,0.373243124
C,13,1,Standard,W,27,0.611425522,0.272271383,0.199093946,0.640785574,0.381508556
C,13,1,Standard,W,28,0.592442142,0.263939154,0.197144943,0.601819126,0.321640364
C,13,1,Standard,W,29,0.60106755,0.261892185,0.19321438,0.61686396,0.346305624
C,13,1,Standard,W,30,0.570441179,0.245929896,0.185592669,0.571253573,0.316253913
C,14,30,KXI,W,1,0.492637818,0.210901703,0.170842236,0.442506633,0.251685988
C,14,30,KXI,W,2,0.474610262,0.205885388,0.167779309,0.42759911,0.24558793
C,14,30,KXI,W,3,0.466064941,0.199728921,0.164153685,0.408115131,0.237672019
C,14,30,KXI,W,4,0.472018889,0.207094452,0.174155935,0.392161221,0.23056625
C,14,30,KXI,W,5,0.498618862,0.22874857,0.187912356,0.442762567,0.248568477
C,14,30,KXI,W,6,0.497531654,0.225884607,0.186109524,0.435306397,0.251364889
C,14,30,KXI,W,7,0.517574801,0.235669308,0.190141727,0.474451935,0.267256076
C,14,30,KXI,W,8,0.54630394,0.256545724,0.202416143,0.522680608,0.287915361
C,14,30,KXI,W,9,0.541337942,0.244281207,0.193966365,0.50209544,0.298167612
C,14,30,KXI,W,10,0.560446297,0.253917932,0.198625388,0.532124322,0.319724536
C,14,30,KXI,W,11,0.572783043,0.261645363,0.203987189,0.544658066,0.3374554
C,14,30,KXI,W,12,0.569470159,0.266025486,0.202609927,0.579298182,0.334218851
C,14,30,KXI,W,13,0.559744112,0.251584983,0.192976843,0.555218339,0.319347955
C,14,30,KXI,W,14,0.573040592,0.258460787,0.19691744,0.571718178,0.337896992
C,14,30,KXI,W,15,0.559475274,0.245128984,0.188013734,0.547290075,0.33046552
C,14,30,KXI,W,16,0.553411492,0.238652418,0.185648595,0.524870531,0.310480476
C,14,30,KXI,W,17,0.557034947,0.244713035,0.189316018,0.539025763,0.307464275
C,14,30,KXI,W,18,0.549881373,0.238774271,0.186476522,0.519233809,0.310622737
C,14,30,KXI,W,19,0.551705333,0.244343185,0.189837186,0.529832705,0.313233027
C,14,30,KXI,W,20,0.546102512,0.242141781,0.189906013,0.51673025,0.304836069
C,14,30,KXI,W,21,0.564175769,0.250866009,0.193598488,0.545793749,0.321153847
C,14,30,KXI,W,22,0.551462912,0.24047406,0.185132896,0.533013198,0.314001125
C,14,30,KXI,W,23,0.534933326,0.226977211,0.179823712,0.490639283,0.29745472
C,14,30,KXI,W,24,0.538085533,0.234625203,0.18336304,0.511433564,0.299269106
C,14,30,KXI,W,25,0.545596261,0.23612692,0.185030587,0.513985039,0.313817857
C,14,30,KXI,W,26,0.522417932,0.222969056,0.174013904,0.502688054,0.293862593
C,14,30,KXI,W,27,0.509790126,0.210727511,0.166825253,0.471853764,0.272466279
C,14,30,KXI,W,28,0.525143862,0.223363492,0.175082026,0.498251053,0.283589605
C,14,30,KXI,W,29,0.52220171,0.225817517,0.176617918,0.505045003,0.294596862
C,14,30,KXI,W,30,0.526680176,0.226955191,0.178436864,0.497898244,0.294712454
C,11,NA,Control,NA,1,0.572413231,0.234556972,0.178050786,0.551852187,0.3287463
C,11,NA,Control,NA,2,0.569762251,0.235057219,0.179029613,0.547813577,0.326318091
C,11,NA,Control,NA,3,0.588621851,0.247124759,0.186220502,0.574672021,0.353153207
C,11,NA,Control,NA,4,0.563663785,0.231893264,0.178141195,0.533178795,0.319429552
C,11,NA,Control,NA,5,0.549300213,0.224923493,0.17450167,0.513432664,0.305407277
C,11,NA,Control,NA,6,0.545940554,0.222993527,0.175321702,0.491979878,0.295326354
C,11,NA,Control,NA,7,0.593857068,0.252993371,0.191286184,0.575827503,0.337772405
C,11,NA,Control,NA,8,0.583138722,0.24914311,0.19326863,0.538064911,0.309225558
C,11,NA,Control,NA,9,0.600776178,0.256477357,0.193468484,0.581889971,0.334141928
C,11,NA,Control,NA,10,0.590035628,0.247592103,0.186379258,0.576302394,0.327707221
C,11,NA,Control,NA,11,0.594834999,0.254876366,0.19214147,0.581982787,0.339025363
C,11,NA,Control,NA,12,0.571042264,0.238536543,0.183779044,0.536296564,0.303849397
C,11,NA,Control,NA,13,0.562902108,0.235120982,0.182837849,0.520297744,0.295029797
C,11,NA,Control,NA,14,0.551583491,0.223510273,0.17374857,0.506094615,0.30135076
C,11,NA,Control,NA,15,0.540471339,0.216399058,0.168959815,0.495259302,0.281958057
C,11,NA,Control,NA,16,0.552022653,0.224327195,0.173206127,0.517689054,0.297779276
C,11,NA,Control,NA,17,0.586953816,0.250213493,0.18777406,0.579848899,0.326133074
C,11,NA,Control,NA,18,0.561158306,0.231282473,0.181179023,0.507410764,0.276438806
C,11,NA,Control,NA,19,0.57741356,0.238693153,0.182324123,0.547553769,0.309937394
C,11,NA,Control,NA,20,0.583761529,0.248652217,0.188975916,0.563653766,0.313701655
C,11,NA,Control,NA,21,0.582317858,0.251267915,0.189565858,0.576136531,0.306372965
C,11,NA,Control,NA,22,0.584193009,0.251281617,0.188151672,0.585263106,0.319674577
C,11,NA,Control,NA,23,0.587554565,0.252970752,0.189829776,0.584697699,0.335937285
C,11,NA,Control,NA,24,0.610997246,0.267549449,0.196630766,0.628477369,0.364888349
C,11,NA,Control,NA,25,0.585672504,0.249370513,0.188384282,0.57302289,0.339897514
C,11,NA,Control,NA,26,0.553300651,0.24108543,0.186846969,0.527795028,0.272512964
C,11,NA,Control,NA,27,0.543932463,0.222985617,0.175319077,0.493303818,0.2906706
C,11,NA,Control,NA,28,0.542215335,0.222491341,0.175680814,0.487399682,0.281369752
C,11,NA,Control,NA,29,0.494225834,0.192964613,0.15719691,0.419316,0.232894103
C,11,NA,Control,NA,30,0.489906318,0.194627616,0.159418903,0.414273375,0.228718753
C,12,NA,Control,NA,1,0.66237109,0.299611625,0.206672298,0.748236753,0.490699029
C,12,NA,Control,NA,2,0.638714665,0.286884091,0.202754721,0.698384404,0.440958853
C,12,NA,Control,NA,3,0.655425405,0.302008763,0.210242476,0.738182796,0.47661094
C,12,NA,Control,NA,4,0.62922757,0.289832403,0.207802685,0.683278786,0.435228553
C,12,NA,Control,NA,5,0.684003046,0.333653148,0.235111605,0.751459539,0.485796112
C,12,NA,Control,NA,6,0.69839624,0.35001174,0.24558291,0.775184674,0.473397937
C,12,NA,Control,NA,7,0.663856693,0.314229425,0.2233905,0.720642804,0.435519141
C,12,NA,Control,NA,8,0.591437022,0.263208068,0.19847246,0.584400293,0.338462009
C,12,NA,Control,NA,9,0.646397799,0.295842766,0.211513709,0.690816663,0.433700717
C,12,NA,Control,NA,10,0.651552386,0.303681428,0.218050912,0.696444363,0.432265857
C,12,NA,Control,NA,11,0.659997765,0.314342136,0.225484479,0.708359544,0.431008718
C,12,NA,Control,NA,12,0.670720135,0.31838062,0.226424069,0.721865974,0.447215266
C,12,NA,Control,NA,13,0.661372522,0.313001545,0.222055604,0.722595947,0.462144042
C,12,NA,Control,NA,14,0.647357152,0.300665298,0.215598935,0.695644367,0.435812204
C,12,NA,Control,NA,15,0.637033758,0.286824896,0.207141583,0.670020555,0.420412209
C,12,NA,Control,NA,16,0.622874978,0.274316928,0.199950598,0.646030556,0.401379371
C,12,NA,Control,NA,17,0.629793857,0.285460977,0.208485903,0.653539182,0.39689461
C,12,NA,Control,NA,18,0.622684422,0.28057079,0.202473756,0.665461872,0.395713267
C,12,NA,Control,NA,19,0.585460092,0.251426918,0.18960429,0.577149642,0.336896299
C,12,NA,Control,NA,20,0.60806504,0.264785867,0.192767937,0.638866472,0.382795886
C,12,NA,Control,NA,21,0.604353893,0.274145101,0.201654277,0.63409948,0.365889055
C,12,NA,Control,NA,22,0.632287496,0.290638003,0.214309805,0.642858634,0.413598806
C,12,NA,Control,NA,23,0.60279678,0.277465968,0.203902208,0.628542537,0.379825347
C,12,NA,Control,NA,24,0.576696378,0.24602561,0.186955603,0.561668231,0.339030074
C,12,NA,Control,NA,25,0.594574142,0.258936258,0.192674607,0.602965775,0.368939568
C,12,NA,Control,NA,26,0.634854372,0.2917244,0.212088646,0.667292486,0.409475379
C,12,NA,Control,NA,27,0.656611307,0.311355241,0.222512579,0.709303547,0.432121845
C,12,NA,Control,NA,28,0.589108832,0.258189539,0.192036941,0.601081215,0.338171613
C,12,NA,Control,NA,29,0.564070697,0.244135706,0.186580406,0.553015884,0.301497291
C,12,NA,Control,NA,30,0.557317916,0.241248038,0.182175252,0.561247963,0.322383911
B,13,30,KXI,W,1,0.394032408,0.133007444,0.112373702,0.313411844,0.186284858
B,13,30,KXI,W,2,0.409605998,0.14648992,0.122261346,0.340365759,0.200058892
B,13,30,KXI,W,3,0.393156102,0.134505134,0.111889264,0.32878259,0.194795218
B,13,30,KXI,W,4,0.386913034,0.133095641,0.110718043,0.32762234,0.190577015
B,13,30,KXI,W,5,0.404826298,0.149868761,0.124199573,0.352253405,0.201788919
B,13,30,KXI,W,6,0.405261883,0.152786915,0.126535409,0.355198507,0.191600408
B,13,30,KXI,W,7,0.450860958,0.178094635,0.145368321,0.402112121,0.229116676
B,13,30,KXI,W,8,0.44342999,0.178641467,0.147164622,0.388353634,0.223211211
B,13,30,KXI,W,9,0.44610194,0.17968587,0.147073569,0.398581424,0.224429739
B,13,30,KXI,W,10,0.439404401,0.173146215,0.142911273,0.38206296,0.229640422
B,13,30,KXI,W,11,0.43092185,0.177679255,0.146803871,0.382499026,0.212221732
B,13,30,KXI,W,12,0.464712554,0.196683277,0.15923117,0.429930612,0.240234745
B,13,30,KXI,W,13,0.461434548,0.194007937,0.157653967,0.419599599,0.235285908
B,13,30,KXI,W,14,0.473364721,0.211963459,0.17065155,0.446036061,0.253350503
B,13,30,KXI,W,15,0.461381722,0.198737567,0.165140873,0.399299913,0.23274999
B,13,30,KXI,W,16,0.447575093,0.195981113,0.160607479,0.407388732,0.222171576
B,13,30,KXI,W,17,0.463247142,0.200912179,0.163398721,0.426994079,0.232703143
B,13,30,KXI,W,18,0.468701404,0.202161488,0.160797359,0.452872712,0.24700535
B,13,30,KXI,W,19,0.47443165,0.205556153,0.161085051,0.473667059,0.253692827
B,13,30,KXI,W,20,0.514018005,0.235344413,0.179371765,0.543353821,0.288395945
B,13,30,KXI,W,21,0.493541133,0.208296063,0.164780681,0.469649132,0.282694836
B,13,30,KXI,W,22,0.458900482,0.19314236,0.156840227,0.420990972,0.242397925
B,13,30,KXI,W,23,0.460452938,0.197843247,0.161663028,0.419906337,0.230672535
B,13,30,KXI,W,24,0.45774516,0.187020175,0.152795549,0.408600225,0.237414282
B,13,30,KXI,W,25,0.460931023,0.192874766,0.156100965,0.425203114,0.24311395
B,13,30,KXI,W,26,0.488497552,0.210278223,0.167789065,0.458819149,0.272332863
B,13,30,KXI,W,27,0.479885325,0.206974458,0.167680931,0.439357254,0.261893909
B,13,30,KXI,W,28,0.477454224,0.203348729,0.166102131,0.426423497,0.250750842
B,13,30,KXI,W,29,0.452518921,0.186065605,0.156331622,0.374636799,0.228484975
B,13,30,KXI,W,30,0.448519518,0.18309932,0.154647441,0.36597238,0.22308992
B,14,1,KXI,W,1,0.561990503,0.238561007,0.180000824,0.562043823,0.302253198
B,14,1,KXI,W,2,0.571135062,0.249794969,0.187815175,0.579418759,0.31011769
B,14,1,KXI,W,3,0.568631485,0.247503461,0.186246136,0.575549609,0.311241278
B,14,1,KXI,W,4,0.576098514,0.249380058,0.186348338,0.582053651,0.340528605
B,14,1,KXI,W,5,0.515469678,0.208669328,0.163119572,0.486897173,0.290578133
B,14,1,KXI,W,6,0.52144809,0.209440515,0.162181974,0.500265169,0.291776879
B,14,1,KXI,W,7,0.52134492,0.213157365,0.165733001,0.497727556,0.278813814
B,14,1,KXI,W,8,0.537740277,0.224212422,0.172617347,0.523653001,0.28225172
B,14,1,KXI,W,9,0.551475797,0.236195741,0.180107843,0.546993477,0.292640826
B,14,1,KXI,W,10,0.531822953,0.224979006,0.175414438,0.506260876,0.284869085
B,14,1,KXI,W,11,0.506102942,0.213445736,0.169570276,0.469276214,0.263717616
B,14,1,KXI,W,12,0.50706674,0.217189739,0.171280374,0.483174957,0.249344998
B,14,1,KXI,W,13,0.496243089,0.207376752,0.168185916,0.438697309,0.230801665
B,14,1,KXI,W,14,0.49816765,0.209488048,0.168928393,0.447067275,0.23412708
B,14,1,KXI,W,15,0.504636305,0.217167286,0.172511759,0.46988459,0.245021633
B,14,1,KXI,W,16,0.513142644,0.220098669,0.171780669,0.498616253,0.264507639
B,14,1,KXI,W,17,0.487851887,0.209343285,0.166370268,0.464483591,0.245414922
B,14,1,KXI,W,18,0.517107289,0.226713255,0.1755469,0.512331816,0.273079826
B,14,1,KXI,W,19,0.531968246,0.227049993,0.172346987,0.538314756,0.294563958
B,14,1,KXI,W,20,0.462896318,0.188492982,0.152784188,0.419383913,0.226696893
B,14,1,KXI,W,21,0.473561603,0.19359734,0.156247604,0.429965796,0.228723735
B,14,1,KXI,W,22,0.509771371,0.213907688,0.166796678,0.494271122,0.266488218
B,14,1,KXI,W,23,0.527782545,0.223894853,0.171181939,0.531153096,0.287228468
B,14,1,KXI,W,24,0.522146808,0.224017701,0.172524083,0.521722665,0.299339176
B,14,1,KXI,W,25,0.534631002,0.230294996,0.176265085,0.532666172,0.313167254
B,14,1,KXI,W,26,0.574809362,0.252772178,0.1869979,0.603395268,0.360328536
B,14,1,KXI,W,27,0.554384636,0.239785988,0.181509645,0.559960569,0.348669295
B,14,1,KXI,W,28,0.531192075,0.234135699,0.181974398,0.518922819,0.304292906
B,14,1,KXI,W,29,0.506018164,0.222463237,0.17507519,0.489511019,0.2729324
B,14,1,KXI,W,30,0.53256866,0.233678,0.183578872,0.505251493,0.293174409
B,12,1,Standard,A,1,0.497886124,0.195937378,0.151459189,0.489686499,0.240574071
B,12,1,Standard,A,2,0.516621889,0.206541356,0.155441968,0.535812646,0.26226796
B,12,1,Standard,A,3,0.54164241,0.214673171,0.156329296,0.589516193,0.317484921
B,12,1,Standard,A,4,0.545569829,0.223856951,0.162447381,0.601778785,0.318473146
B,12,1,Standard,A,5,0.537013195,0.220624773,0.161739228,0.582750876,0.322821845
B,12,1,Standard,A,6,0.566280424,0.239882624,0.173878431,0.61527317,0.342111627
B,12,1,Standard,A,7,0.559020428,0.238291878,0.174106609,0.60182914,0.329049344
B,12,1,Standard,A,8,0.561365695,0.241557511,0.176500509,0.609124881,0.319415396
B,12,1,Standard,A,9,0.604943192,0.272075835,0.191758556,0.689290817,0.346004395
B,12,1,Standard,A,10,0.647005502,0.29974008,0.207342351,0.746810666,0.418035483
B,12,1,Standard,A,11,0.64532267,0.295362306,0.204752599,0.739985743,0.428868421
B,12,1,Standard,A,12,0.597104053,0.266885882,0.190753498,0.663020214,0.372213236
B,12,1,Standard,A,13,0.611580801,0.27526394,0.194417694,0.689074551,0.384079806
B,12,1,Standard,A,14,0.547989352,0.232626035,0.172775258,0.576160261,0.333056769
B,12,1,Standard,A,15,0.486108675,0.205117438,0.16161863,0.472514572,0.259910149
B,12,1,Standard,A,16,0.492678931,0.210389218,0.164772565,0.484528717,0.256814605
B,12,1,Standard,A,17,0.4993607,0.213544826,0.165038345,0.505297701,0.256765056
B,12,1,Standard,A,18,0.518212314,0.215063299,0.165283057,0.516377861,0.279025046
B,12,1,Standard,A,19,0.557770681,0.240485907,0.180818189,0.566213506,0.310479862
B,12,1,Standard,A,20,0.551323834,0.242210573,0.184198626,0.556732567,0.296722305
B,12,1,Standard,A,21,0.524276287,0.225384059,0.177824496,0.492032308,0.281637064
B,12,1,Standard,A,22,0.539357839,0.234535969,0.181689985,0.525089974,0.284729918
B,12,1,Standard,A,23,0.560858634,0.245628515,0.187425453,0.553858247,0.311104636
B,12,1,Standard,A,24,0.52750782,0.229060109,0.18073864,0.494114502,0.267117428
B,12,1,Standard,A,25,0.571930073,0.25483929,0.193219435,0.572188102,0.331717674
B,12,1,Standard,A,26,0.551273558,0.25028552,0.194198316,0.533926979,0.293164884
B,12,1,Standard,A,27,0.531900841,0.239930814,0.192893414,0.483026075,0.251286123
B,12,1,Standard,A,28,0.531187728,0.231460731,0.186428644,0.471338365,0.272457634
B,12,1,Standard,A,29,0.521196603,0.232258619,0.189640788,0.454655821,0.236216896
B,12,1,Standard,A,30,0.527576869,0.236272691,0.192132481,0.463393839,0.243303346
B,11,NA,Control,NA,1,0.507197183,0.198769537,0.149974126,0.523266403,0.270759447
B,11,NA,Control,NA,2,0.51936301,0.20740458,0.155855437,0.536698546,0.284366326
B,11,NA,Control,NA,3,0.510497984,0.202564139,0.151822134,0.531114312,0.297850787
B,11,NA,Control,NA,4,0.496048938,0.197368367,0.150205719,0.509252918,0.265617768
B,11,NA,Control,NA,5,0.491344115,0.194629367,0.14842089,0.504302556,0.265711454
B,11,NA,Control,NA,6,0.528805945,0.216817552,0.161352228,0.558293997,0.307416472
B,11,NA,Control,NA,7,0.567471438,0.246277006,0.177813322,0.627473552,0.34408838
B,11,NA,Control,NA,8,0.565762096,0.245383037,0.177434217,0.624732627,0.341438921
B,11,NA,Control,NA,9,0.542947483,0.229921748,0.171853094,0.562398246,0.317706424
B,11,NA,Control,NA,10,0.521150563,0.219830132,0.168491856,0.523559098,0.278281246
B,11,NA,Control,NA,11,0.519355391,0.220878185,0.169793153,0.519923776,0.287745653
B,11,NA,Control,NA,12,0.562481403,0.254702024,0.18964993,0.592189622,0.331067484
B,11,NA,Control,NA,13,0.54522668,0.244556316,0.183762491,0.573195499,0.306700407
B,11,NA,Control,NA,14,0.561756596,0.260905979,0.194941788,0.595250196,0.316757803
B,11,NA,Control,NA,15,0.50101429,0.223680349,0.174082636,0.506034816,0.265934271
B,11,NA,Control,NA,16,0.501631214,0.214620221,0.166088685,0.504854277,0.266743651
B,11,NA,Control,NA,17,0.501158636,0.212543181,0.163885745,0.509088565,0.264738941
B,11,NA,Control,NA,18,0.517646556,0.217297242,0.167518958,0.511396173,0.289034252
B,11,NA,Control,NA,19,0.501442788,0.209945073,0.16409233,0.487255061,0.26549231
B,11,NA,Control,NA,20,0.535124087,0.224943486,0.170404483,0.542907651,0.311115191
B,11,NA,Control,NA,21,0.482575219,0.20706904,0.165947776,0.448993548,0.247849869
B,11,NA,Control,NA,22,0.514033676,0.218577392,0.172115548,0.486658116,0.269910378
B,11,NA,Control,NA,23,0.521173422,0.220914231,0.17446645,0.486262278,0.270783391
B,11,NA,Control,NA,24,0.52459716,0.22146663,0.174613763,0.487947825,0.272305676
B,11,NA,Control,NA,25,0.613578235,0.286109925,0.20896427,0.654258389,0.393692633
B,11,NA,Control,NA,26,0.619370979,0.295680818,0.218848957,0.644592866,0.37091472
B,11,NA,Control,NA,27,0.587445097,0.267237512,0.205676942,0.564517374,0.363763757
B,11,NA,Control,NA,28,0.524919042,0.229370764,0.188459615,0.445287951,0.274856896
B,11,NA,Control,NA,29,0.539678482,0.247023525,0.198305591,0.491608161,0.264308533
B,11,NA,Control,NA,30,0.567894143,0.260718209,0.204535116,0.533474408,0.299355922
B,10,1,KXI,A,1,0.486419583,0.181126375,0.13742353,0.498604129,0.266785041
B,10,1,KXI,A,2,0.481077963,0.178115818,0.135225101,0.493666421,0.259587457
B,10,1,KXI,A,3,0.537797063,0.221316044,0.160824697,0.596353911,0.308199098
B,10,1,KXI,A,4,0.508171167,0.197020163,0.146400339,0.541345453,0.276444192
B,10,1,KXI,A,5,0.519715909,0.200041747,0.146878593,0.562413735,0.286562447
B,10,1,KXI,A,6,0.511271417,0.202110697,0.15265753,0.525232157,0.273662139
B,10,1,KXI,A,7,0.516801643,0.214393004,0.162223909,0.533227776,0.265856505
B,10,1,KXI,A,8,0.531227718,0.230975056,0.170245162,0.583693935,0.278952473
B,10,1,KXI,A,9,0.549194899,0.229977544,0.167538312,0.598104346,0.340326027
B,10,1,KXI,A,10,0.526080096,0.214185106,0.158904859,0.561349668,0.287001088
B,10,1,KXI,A,11,0.517254723,0.215472074,0.163710081,0.53005321,0.277395847
B,10,1,KXI,A,12,0.500105351,0.208201515,0.1605357,0.505126149,0.241555887
B,10,1,KXI,A,13,0.508988144,0.210753405,0.162286611,0.509071687,0.255752657
B,10,1,KXI,A,14,0.478360052,0.194337547,0.152953696,0.464937004,0.22145873
B,10,1,KXI,A,15,0.526567055,0.219085349,0.162309418,0.568009241,0.261735217
B,10,1,KXI,A,16,0.518930062,0.212963529,0.15844753,0.557358201,0.27002886
B,10,1,KXI,A,17,0.523815841,0.217712677,0.163456396,0.549630021,0.281040263
B,10,1,KXI,A,18,0.512718811,0.21135696,0.162804077,0.505713975,0.267887867
B,10,1,KXI,A,19,0.491377713,0.197054111,0.15439511,0.47059717,0.253709217
B,10,1,KXI,A,20,0.518690694,0.219370449,0.168771845,0.517984066,0.260261354
B,10,1,KXI,A,21,0.527887631,0.224856245,0.174067066,0.51563318,0.285485011
B,10,1,KXI,A,22,0.52628147,0.227043659,0.173928172,0.52954666,0.261277024
B,10,1,KXI,A,23,0.548427249,0.236019589,0.178923508,0.554184451,0.299009709
B,10,1,KXI,A,24,0.555727942,0.23531408,0.174641291,0.582771158,0.3157669
B,10,1,KXI,A,25,0.54415423,0.22703176,0.173044143,0.539322808,0.306529805
B,10,1,KXI,A,26,0.529400068,0.222654417,0.174119569,0.500717624,0.291646835
B,10,1,KXI,A,27,0.508251764,0.215201912,0.173265601,0.454827178,0.251285892
B,10,1,KXI,A,28,0.498676562,0.208194203,0.169672219,0.432146218,0.238564704
B,10,1,KXI,A,29,0.512719111,0.213998176,0.170383478,0.469385306,0.261478275
B,10,1,KXI,A,30,0.532538432,0.228506921,0.178809875,0.506313576,0.288975719
B,9,1,Standard,W,1,0.451093884,0.16616163,0.131874591,0.424654231,0.205411883
B,9,1,Standard,W,2,0.460679936,0.17548681,0.138608812,0.438557357,0.213106998
B,9,1,Standard,W,3,0.467866291,0.180486853,0.143451387,0.437558879,0.205504434
B,9,1,Standard,W,4,0.467391776,0.183229556,0.145303608,0.443120645,0.201709545
B,9,1,Standard,W,5,0.508506577,0.207757383,0.158166595,0.518882914,0.237004972
B,9,1,Standard,W,6,0.513047527,0.204464523,0.157537842,0.501786692,0.265670142
B,9,1,Standard,W,7,0.473229279,0.188425032,0.152898074,0.421291436,0.203328742
B,9,1,Standard,W,8,0.489467044,0.198490365,0.158848071,0.447229115,0.218406681
B,9,1,Standard,W,9,0.563113268,0.248149551,0.186564427,0.576402785,0.284679578
B,9,1,Standard,W,10,0.527833023,0.226413419,0.17690984,0.505239486,0.274743485
B,9,1,Standard,W,11,0.555284081,0.247136877,0.187848919,0.561187273,0.287318761
B,9,1,Standard,W,12,0.523734976,0.227546507,0.17871925,0.501015566,0.259367288
B,9,1,Standard,W,13,0.54632318,0.246539402,0.188771221,0.550316215,0.274798833
B,9,1,Standard,W,14,0.554628431,0.24781361,0.186501326,0.57415737,0.303549322
B,9,1,Standard,W,15,0.545164338,0.237784967,0.179032906,0.564432605,0.284911799
B,9,1,Standard,W,16,0.580904771,0.26325835,0.190412553,0.646211296,0.312026662
B,9,1,Standard,W,17,0.59683337,0.276670034,0.19971527,0.66290664,0.351349422
B,9,1,Standard,W,18,0.589899923,0.272010637,0.200297364,0.630098129,0.335829142
B,9,1,Standard,W,19,0.591637452,0.27350025,0.20063438,0.636405857,0.334632616
B,9,1,Standard,W,20,0.599932939,0.27518667,0.200880806,0.645181826,0.3655045
B,9,1,Standard,W,21,0.607143828,0.291233943,0.212130455,0.663105893,0.340807721
B,9,1,Standard,W,22,0.633709281,0.306968187,0.21981674,0.703773716,0.400046378
B,9,1,Standard,W,23,0.58529486,0.262654593,0.192812645,0.62348542,0.374514165
B,9,1,Standard,W,24,0.590438108,0.275245174,0.20367882,0.624526902,0.330538407
B,9,1,Standard,W,25,0.594481925,0.275729014,0.205332544,0.615963837,0.356255703
B,9,1,Standard,W,26,0.575352197,0.261221564,0.198800705,0.575363619,0.324719991
B,9,1,Standard,W,27,0.554494727,0.250904497,0.19465173,0.539485837,0.29472135
B,9,1,Standard,W,28,0.548301741,0.23767416,0.184009513,0.528584512,0.305466036
B,9,1,Standard,W,29,0.531559638,0.230089768,0.18032414,0.505439119,0.274448248
B,9,1,Standard,W,30,0.557977196,0.24919767,0.190680738,0.555432976,0.310795918
B,8,30,KXI,A,1,0.44014513,0.162880823,0.130765954,0.401014919,0.212678453
B,8,30,KXI,A,2,0.450668921,0.170602063,0.134647868,0.433119649,0.219972572
B,8,30,KXI,A,3,0.500357169,0.201518861,0.151812316,0.51862375,0.267465165
B,8,30,KXI,A,4,0.496389894,0.20295678,0.155927172,0.493875547,0.258215845
B,8,30,KXI,A,5,0.476087165,0.186452506,0.144213544,0.469828052,0.23442603
B,8,30,KXI,A,6,0.452020136,0.165704925,0.131120238,0.426578807,0.226327451
B,8,30,KXI,A,7,0.444324255,0.165336983,0.129814618,0.430730601,0.218017684
B,8,30,KXI,A,8,0.42845666,0.160508058,0.128555282,0.402411579,0.190631241
B,8,30,KXI,A,9,0.45227103,0.172219237,0.13485432,0.445533908,0.20182981
B,8,30,KXI,A,10,0.423932231,0.153557718,0.125018566,0.379131891,0.18581718
B,8,30,KXI,A,11,0.422280339,0.160044739,0.13233704,0.368854583,0.166263066
B,8,30,KXI,A,12,0.506457146,0.211071301,0.163062445,0.506977173,0.230068663
B,8,30,KXI,A,13,0.517345286,0.212461662,0.163622243,0.513284067,0.247631587
B,8,30,KXI,A,14,0.506300779,0.219583261,0.170376152,0.509528959,0.219249798
B,8,30,KXI,A,15,0.505907631,0.215768726,0.169454081,0.4864172,0.221820166
B,8,30,KXI,A,16,0.50715036,0.217721116,0.170915155,0.491315988,0.22853065
B,8,30,KXI,A,17,0.50837787,0.216317625,0.170783521,0.483644456,0.239769025
B,8,30,KXI,A,18,0.483179068,0.196491407,0.156254738,0.453700888,0.22910645
B,8,30,KXI,A,19,0.478316899,0.187238415,0.14736095,0.455032081,0.229988324
B,8,30,KXI,A,20,0.515611686,0.213983023,0.165673745,0.509878945,0.259371385
B,8,30,KXI,A,21,0.485676478,0.193644678,0.153142366,0.45616318,0.233160654
B,8,30,KXI,A,22,0.463386565,0.178184964,0.143343932,0.417765219,0.217006494
B,8,30,KXI,A,23,0.464605973,0.178786298,0.14218602,0.426435883,0.222224113
B,8,30,KXI,A,24,0.454891203,0.173433585,0.140342392,0.405764355,0.204713134
B,8,30,KXI,A,25,0.482484247,0.197418673,0.155517106,0.457424405,0.230925864
B,8,30,KXI,A,26,0.460501849,0.177142293,0.142896408,0.409729481,0.22662887
B,8,30,KXI,A,27,0.440142067,0.167272439,0.136138652,0.388432161,0.216305479
B,8,30,KXI,A,28,0.452945208,0.174803178,0.141987784,0.401033457,0.223591468
B,8,30,KXI,A,29,0.436388727,0.164834394,0.134659628,0.380270853,0.213642743
B,8,30,KXI,A,30,0.459026153,0.178238318,0.143966116,0.409196423,0.238796906
B,4,10,KXI,W,1,0.456075797,0.191699106,0.164948419,0.350395742,0.191684745
B,4,10,KXI,W,2,0.422834818,0.168155889,0.145985349,0.314610601,0.178616944
B,4,10,KXI,W,3,0.434768174,0.1744083,0.15014946,0.333127855,0.184177902
B,4,10,KXI,W,4,0.4175667,0.17199944,0.148391175,0.329552376,0.173724682
B,4,10,KXI,W,5,0.447706248,0.18614275,0.155134308,0.384081514,0.196098251
B,4,10,KXI,W,6,0.440966985,0.180330512,0.149634755,0.382008314,0.197504197
B,4,10,KXI,W,7,0.438371062,0.176590151,0.146149615,0.382328971,0.200543274
B,4,10,KXI,W,8,0.404691993,0.162262871,0.136658076,0.346150036,0.17201246
B,4,10,KXI,W,9,0.394679978,0.159360532,0.135037203,0.3370696,0.166696053
B,4,10,KXI,W,10,0.405124074,0.165041783,0.137487642,0.36079431,0.179416239
B,4,10,KXI,W,11,0.426104487,0.167445795,0.138308543,0.375544559,0.195425112
B,4,10,KXI,W,12,0.459808961,0.193626372,0.155324464,0.440590614,0.207700447
B,4,10,KXI,W,13,0.503114375,0.213462307,0.167141532,0.495194241,0.252467106
B,4,10,KXI,W,14,0.522436803,0.2273048,0.177726205,0.510072924,0.264061001
B,4,10,KXI,W,15,0.525623696,0.231786039,0.179679505,0.52585558,0.260141955
B,4,10,KXI,W,16,0.527202645,0.222143547,0.170925556,0.522222661,0.278960217
B,4,10,KXI,W,17,0.486693408,0.194287112,0.154228327,0.453524805,0.24035337
B,4,10,KXI,W,18,0.480940953,0.198054859,0.156523436,0.459566413,0.234808442
B,4,10,KXI,W,19,0.489183444,0.208342545,0.16384561,0.478523528,0.240479164
B,4,10,KXI,W,20,0.505134966,0.222676663,0.17446765,0.499635705,0.253824019
B,4,10,KXI,W,21,0.539064272,0.248435289,0.190608848,0.552797925,0.291389667
B,4,10,KXI,W,22,0.537959046,0.243478208,0.185207683,0.556304465,0.300902408
B,4,10,KXI,W,23,0.530549735,0.241895353,0.187022329,0.533793214,0.285511867
B,4,10,KXI,W,24,0.537724249,0.249266678,0.193569377,0.534605057,0.282385584
B,4,10,KXI,W,25,0.51498833,0.235527258,0.186907261,0.494898282,0.267104368
B,4,10,KXI,W,26,0.493798686,0.224402992,0.179780052,0.470820498,0.252016289
B,4,10,KXI,W,27,0.50420598,0.224965272,0.180422826,0.46979073,0.258970763
B,4,10,KXI,W,28,0.49032092,0.221010701,0.17739641,0.462442204,0.250979432
B,4,10,KXI,W,29,0.469905585,0.210409838,0.173140385,0.421440548,0.234469839
B,4,10,KXI,W,30,0.458236225,0.1975449,0.162925367,0.404679801,0.230815164
B,1,10,KXI,A,1,0.447806535,0.173574296,0.138997402,0.419830359,0.212408974
B,1,10,KXI,A,2,0.503524826,0.217848149,0.165477444,0.522820373,0.242893944
B,1,10,KXI,A,3,0.513179791,0.222936475,0.167954842,0.545100848,0.2770983
B,1,10,KXI,A,4,0.476545438,0.187664202,0.14232135,0.498289645,0.262112863
B,1,10,KXI,A,5,0.449196329,0.171511979,0.132779224,0.455884629,0.222443803
B,1,10,KXI,A,6,0.425540428,0.162072697,0.128377877,0.417648862,0.194953833
B,1,10,KXI,A,7,0.405027113,0.15739652,0.1281446,0.37573195,0.164215727
B,1,10,KXI,A,8,0.439246549,0.173233891,0.140517789,0.403709907,0.18602633
B,1,10,KXI,A,9,0.442505466,0.173009979,0.141439984,0.392619382,0.178628331
B,1,10,KXI,A,10,0.443777421,0.174536333,0.143889513,0.381848094,0.169808644
B,1,10,KXI,A,11,0.415058153,0.157301412,0.133648862,0.32815731,0.14990851
B,1,10,KXI,A,12,0.440757569,0.175414268,0.145881982,0.374068718,0.171912957
B,1,10,KXI,A,13,0.45274314,0.183531963,0.150591551,0.397694037,0.19389923
B,1,10,KXI,A,14,0.456296112,0.184558278,0.151784586,0.395548228,0.188425228
B,1,10,KXI,A,15,0.454473178,0.180471016,0.149476376,0.385273884,0.182133076
B,1,10,KXI,A,16,0.481486497,0.201169891,0.161847827,0.439872946,0.207680576
B,1,10,KXI,A,17,0.509238351,0.220424713,0.17433777,0.48257884,0.228298783
B,1,10,KXI,A,18,0.463238484,0.18456361,0.150578243,0.406323909,0.185410275
B,1,10,KXI,A,19,0.450797372,0.179098965,0.145210804,0.40759652,0.185272353
B,1,10,KXI,A,20,0.46285424,0.187512638,0.149473528,0.43307917,0.203427153
B,1,10,KXI,A,21,0.4770174,0.195283659,0.154850586,0.45487194,0.209816566
B,1,10,KXI,A,22,0.462506232,0.178446472,0.142543438,0.427984033,0.199259568
B,1,10,KXI,A,23,0.452323883,0.173578429,0.139818667,0.411085699,0.195657733
B,1,10,KXI,A,24,0.463882718,0.181658837,0.145667109,0.427614463,0.203759068
B,1,10,KXI,A,25,0.456486691,0.180308069,0.145440515,0.416275685,0.197610215
B,1,10,KXI,A,26,0.470866949,0.188211998,0.148778689,0.45046711,0.216551698
B,1,10,KXI,A,27,0.465387869,0.186289588,0.146875102,0.451365781,0.221033105
B,1,10,KXI,A,28,0.484470472,0.202722232,0.158049722,0.481758273,0.227579904
B,1,10,KXI,A,29,0.469093255,0.189446562,0.150030023,0.446229186,0.224846825
B,1,10,KXI,A,30,0.430778723,0.169546023,0.138144144,0.391327818,0.198373915
B,7,NA,Control,NA,1,0.467120057,0.175671907,0.142780747,0.403255135,0.22006524
B,7,NA,Control,NA,2,0.457903351,0.174508136,0.140728486,0.411960087,0.220810862
B,7,NA,Control,NA,3,0.48927265,0.1927676,0.150034608,0.473943195,0.248767622
B,7,NA,Control,NA,4,0.500949324,0.199409826,0.155132273,0.483602613,0.260786642
B,7,NA,Control,NA,5,0.499656993,0.197055445,0.153376423,0.479469746,0.260882462
B,7,NA,Control,NA,6,0.484939306,0.185335064,0.144722502,0.464026359,0.25086428
B,7,NA,Control,NA,7,0.47138028,0.178544672,0.141719849,0.435875345,0.233956798
B,7,NA,Control,NA,8,0.457875841,0.177228574,0.140904552,0.430229834,0.221092327
B,7,NA,Control,NA,9,0.509470708,0.207673466,0.159189165,0.51105299,0.263973906
B,7,NA,Control,NA,10,0.501438682,0.203902423,0.158513995,0.487578132,0.24688518
B,7,NA,Control,NA,11,0.516404664,0.215862591,0.164609889,0.526874863,0.239795949
B,7,NA,Control,NA,12,0.577075034,0.259776548,0.190146379,0.626805556,0.292112706
B,7,NA,Control,NA,13,0.585253659,0.26180396,0.191792582,0.627318531,0.320806833
B,7,NA,Control,NA,14,0.550695066,0.235708841,0.176340729,0.57309962,0.289327162
B,7,NA,Control,NA,15,0.496120678,0.20911895,0.162861903,0.488219273,0.222241177
B,7,NA,Control,NA,16,0.491865301,0.207018966,0.160254201,0.49455041,0.233530858
B,7,NA,Control,NA,17,0.467159963,0.186975763,0.149721477,0.434808432,0.225395227
B,7,NA,Control,NA,18,0.482361321,0.197042201,0.155229008,0.464133302,0.216719986
B,7,NA,Control,NA,19,0.53948932,0.231354369,0.172928467,0.567168005,0.282683695
B,7,NA,Control,NA,20,0.533504308,0.220745383,0.165130773,0.555628988,0.299672621
B,7,NA,Control,NA,21,0.522565964,0.214583631,0.162697307,0.533794856,0.268106092
B,7,NA,Control,NA,22,0.518257624,0.213199138,0.162539947,0.521909077,0.267629592
B,7,NA,Control,NA,23,0.548652023,0.235877097,0.176848523,0.568967074,0.285732957
B,7,NA,Control,NA,24,0.563108122,0.246793653,0.184599796,0.583277515,0.318322013
B,7,NA,Control,NA,25,0.538776556,0.227521123,0.172685304,0.541750904,0.311615304
B,7,NA,Control,NA,26,0.517745907,0.214189487,0.16586997,0.503552644,0.2720045
B,7,NA,Control,NA,27,0.535971631,0.227643028,0.173253266,0.538211458,0.283245024
B,7,NA,Control,NA,28,0.527017632,0.222443999,0.170545188,0.520965568,0.271714892
B,7,NA,Control,NA,29,0.512803084,0.210995278,0.162307577,0.508976349,0.264698214
B,7,NA,Control,NA,30,0.522757906,0.218115426,0.167706327,0.517498178,0.26987526
B,5,NA,Control,NA,1,0.445199697,0.185888161,0.159502219,0.35012866,0.179332327
B,5,NA,Control,NA,2,0.455865384,0.188838318,0.158866316,0.37587581,0.1869469
B,5,NA,Control,NA,3,0.455364025,0.190450232,0.158874051,0.387038907,0.194461859
B,5,NA,Control,NA,4,0.469695434,0.196924404,0.162712077,0.406923446,0.201279485
B,5,NA,Control,NA,5,0.451046087,0.186866443,0.155576618,0.386796602,0.184963564
B,5,NA,Control,NA,6,0.478970535,0.200304809,0.161327397,0.442648174,0.220450827
B,5,NA,Control,NA,7,0.502393395,0.214009209,0.168879455,0.481771576,0.241514395
B,5,NA,Control,NA,8,0.517782085,0.220342786,0.170178266,0.514143783,0.260436505
B,5,NA,Control,NA,9,0.504471095,0.212353312,0.1654367,0.497997122,0.2516236
B,5,NA,Control,NA,10,0.507450444,0.209980493,0.161797533,0.508794371,0.254132667
B,5,NA,Control,NA,11,0.497741685,0.199800103,0.153376604,0.503092709,0.248140077
B,5,NA,Control,NA,12,0.47544953,0.193060877,0.150601852,0.475211614,0.228628657
B,5,NA,Control,NA,13,0.463127821,0.183719723,0.144606136,0.455055503,0.214487884
B,5,NA,Control,NA,14,0.483209421,0.195474779,0.151895993,0.482698147,0.230536362
B,5,NA,Control,NA,15,0.45957153,0.182296497,0.144066374,0.446901349,0.218907345
B,5,NA,Control,NA,16,0.48910145,0.201071584,0.155344291,0.493990393,0.232546849
B,5,NA,Control,NA,17,0.491599176,0.197176441,0.150765639,0.505308057,0.237488276
B,5,NA,Control,NA,18,0.48900742,0.199019869,0.153157359,0.499262287,0.246995326
B,5,NA,Control,NA,19,0.541797432,0.237977474,0.175450629,0.593669778,0.282726613
B,5,NA,Control,NA,20,0.545147411,0.244694124,0.184339444,0.570565608,0.288649525
B,5,NA,Control,NA,21,0.602178106,0.280976901,0.202163832,0.670887962,0.332548429
B,5,NA,Control,NA,22,0.58503942,0.26312122,0.189958578,0.647312067,0.330868856
B,5,NA,Control,NA,23,0.582335294,0.254339501,0.183693032,0.636136392,0.33605451
B,5,NA,Control,NA,24,0.593373318,0.264708473,0.19026944,0.65306341,0.353780233
B,5,NA,Control,NA,25,0.524143516,0.226761267,0.172118975,0.539815217,0.273902972
B,5,NA,Control,NA,26,0.491685299,0.209757639,0.164072899,0.482546161,0.247561684
B,5,NA,Control,NA,27,0.496556716,0.2135871,0.167394597,0.482451905,0.25217817
B,5,NA,Control,NA,28,0.469656769,0.199663838,0.159940511,0.445482928,0.222722169
B,5,NA,Control,NA,29,0.495183616,0.215062027,0.168501418,0.49016699,0.241406226
B,5,NA,Control,NA,30,0.491225465,0.212534131,0.169101263,0.46853137,0.244462641
B,6,NA,Control,NA,1,0.515473213,0.213703161,0.16832351,0.482748788,0.259443274
B,6,NA,Control,NA,2,0.520766562,0.219790848,0.17318858,0.487397989,0.245311851
B,6,NA,Control,NA,3,0.518936787,0.22006786,0.173895622,0.486491615,0.252878806
B,6,NA,Control,NA,4,0.512400144,0.220095521,0.175462484,0.473629591,0.24168539
B,6,NA,Control,NA,5,0.532189122,0.230872668,0.181374924,0.502773504,0.261324554
B,6,NA,Control,NA,6,0.538755894,0.227320843,0.177421155,0.508859399,0.260949229
B,6,NA,Control,NA,7,0.495400707,0.202503914,0.161565846,0.45606802,0.2377091
B,6,NA,Control,NA,8,0.466173069,0.186568496,0.15056395,0.42500898,0.220127931
B,6,NA,Control,NA,9,0.502679069,0.211284307,0.162585534,0.507628085,0.243762528
B,6,NA,Control,NA,10,0.578394153,0.254153743,0.187325197,0.609488478,0.338600224
B,6,NA,Control,NA,11,0.563352085,0.250625474,0.186263697,0.595694253,0.303151244
B,6,NA,Control,NA,12,0.563452528,0.244605273,0.179656295,0.603556463,0.324881154
B,6,NA,Control,NA,13,0.536150079,0.226519074,0.169967714,0.555790307,0.292796655
B,6,NA,Control,NA,14,0.484889398,0.199573017,0.156744163,0.471691639,0.235365863
B,6,NA,Control,NA,15,0.47637464,0.193363698,0.151988582,0.46532058,0.23111613
B,6,NA,Control,NA,16,0.468061888,0.200786364,0.157898395,0.47065118,0.192426587
B,6,NA,Control,NA,17,0.477211039,0.188177979,0.147656539,0.462036591,0.237046893
B,6,NA,Control,NA,18,0.483024191,0.197016752,0.153912877,0.477135479,0.21608063
B,6,NA,Control,NA,19,0.50988067,0.207636648,0.15818966,0.518500244,0.256616348
B,6,NA,Control,NA,20,0.553846649,0.235113094,0.172923338,0.593849166,0.304558975
B,6,NA,Control,NA,21,0.56324464,0.244430921,0.180143182,0.600521231,0.303400743
B,6,NA,Control,NA,22,0.588493185,0.26508476,0.192244969,0.644619951,0.337415138
B,6,NA,Control,NA,23,0.549221583,0.248248875,0.18767997,0.57008499,0.288112338
B,6,NA,Control,NA,24,0.527558701,0.225309886,0.170980465,0.540742587,0.285804548
B,6,NA,Control,NA,25,0.513094646,0.216033392,0.167656307,0.502017132,0.249917889
B,6,NA,Control,NA,26,0.550028367,0.239838145,0.181167531,0.563994496,0.296940656
B,6,NA,Control,NA,27,0.549075356,0.24918114,0.189626721,0.562942346,0.300822337
B,6,NA,Control,NA,28,0.568772695,0.26350622,0.195970872,0.605510406,0.298577788
B,6,NA,Control,NA,29,0.544393926,0.243512748,0.185101348,0.555787999,0.296277293
B,6,NA,Control,NA,30,0.540356548,0.243726717,0.186602671,0.546934044,0.287622681
B,3,NA,Control,NA,1,0.533123793,0.221578458,0.167141085,0.547045788,0.269326568
B,3,NA,Control,NA,2,0.492045057,0.194769358,0.152276198,0.47176902,0.244564856
B,3,NA,Control,NA,3,0.442026057,0.166610784,0.135874237,0.392830577,0.193371958
B,3,NA,Control,NA,4,0.462020937,0.17765778,0.142287958,0.424658157,0.212743315
B,3,NA,Control,NA,5,0.491328739,0.197876768,0.155074354,0.471546122,0.226248396
B,3,NA,Control,NA,6,0.480715542,0.193751937,0.152519732,0.458675829,0.241445171
B,3,NA,Control,NA,7,0.486405259,0.19462499,0.153399256,0.460455821,0.229490268
B,3,NA,Control,NA,8,0.514147163,0.208209295,0.159520591,0.5164665,0.251724831
B,3,NA,Control,NA,9,0.520323875,0.21559731,0.165443828,0.521370234,0.250742776
B,3,NA,Control,NA,10,0.515304668,0.210535321,0.162345283,0.504950457,0.257398031
B,3,NA,Control,NA,11,0.509693171,0.206797339,0.159784236,0.497800021,0.244308825
B,3,NA,Control,NA,12,0.527575552,0.217689174,0.165890687,0.531972462,0.258716575
B,3,NA,Control,NA,13,0.534677092,0.225206628,0.170637706,0.548187256,0.250203581
B,3,NA,Control,NA,14,0.514042971,0.207468506,0.161858828,0.488438544,0.235477666
B,3,NA,Control,NA,15,0.48609939,0.190462642,0.151949084,0.442979436,0.20544399
B,3,NA,Control,NA,16,0.471855285,0.184377209,0.149510035,0.417885982,0.189067513
B,3,NA,Control,NA,17,0.492845859,0.193817885,0.152247076,0.465442325,0.2272822
B,3,NA,Control,NA,18,0.51276319,0.21203106,0.163130849,0.509986532,0.241502764
B,3,NA,Control,NA,19,0.487528516,0.193659179,0.15244357,0.462323644,0.22223906
B,3,NA,Control,NA,20,0.485252303,0.191921546,0.151491299,0.456506154,0.229914489
B,3,NA,Control,NA,21,0.501604354,0.19961072,0.155077483,0.481969924,0.232084827
B,3,NA,Control,NA,22,0.596514514,0.265391536,0.188843361,0.669204415,0.319852209
B,3,NA,Control,NA,23,0.67642472,0.323801592,0.223952867,0.772298383,0.385618062
B,3,NA,Control,NA,24,0.691537554,0.346900213,0.241000018,0.788095943,0.412257641
B,3,NA,Control,NA,25,0.620832584,0.289829936,0.209924176,0.668672591,0.372778458
B,3,NA,Control,NA,26,0.541560089,0.241098218,0.184083941,0.548002636,0.260251298
B,3,NA,Control,NA,27,0.543217943,0.237449305,0.178064232,0.569886557,0.265555959
B,3,NA,Control,NA,28,0.564322936,0.253983186,0.187529104,0.607913065,0.271392824
B,3,NA,Control,NA,29,0.523595919,0.226744054,0.174606607,0.524481912,0.254040096
B,3,NA,Control,NA,30,0.519484629,0.227740547,0.175293103,0.525873147,0.239609967
B,2,NA,Control,NA,1,0.486041144,0.188504106,0.145055783,0.484652275,0.235878335
B,2,NA,Control,NA,2,0.461541266,0.175115075,0.138230735,0.439099047,0.212778992
B,2,NA,Control,NA,3,0.448461517,0.165549978,0.131831466,0.418306396,0.196419508
B,2,NA,Control,NA,4,0.454215189,0.174400333,0.138995258,0.425942909,0.195160427
B,2,NA,Control,NA,5,0.466364183,0.185207459,0.145907112,0.45237148,0.204563149
B,2,NA,Control,NA,6,0.503418721,0.20029004,0.154627539,0.494355631,0.253921828
B,2,NA,Control,NA,7,0.506563255,0.206526581,0.158915777,0.502711177,0.247676863
B,2,NA,Control,NA,8,0.493849148,0.202652785,0.159855503,0.466360209,0.23411034
B,2,NA,Control,NA,9,0.471553162,0.192349342,0.155000225,0.430591116,0.209860546
B,2,NA,Control,NA,10,0.480387586,0.198761705,0.161193625,0.428927255,0.197844829
B,2,NA,Control,NA,11,0.480387824,0.195141546,0.159153386,0.418148913,0.206578041
B,2,NA,Control,NA,12,0.475635342,0.193250295,0.157463313,0.418372229,0.196132565
B,2,NA,Control,NA,13,0.505387558,0.2141329,0.170191047,0.470275822,0.226054665
B,2,NA,Control,NA,14,0.510216692,0.213166817,0.170080678,0.463763363,0.235483919
B,2,NA,Control,NA,15,0.550476879,0.231301106,0.177364057,0.532751853,0.280199404
B,2,NA,Control,NA,16,0.53191984,0.224523522,0.173203664,0.518643183,0.260140953
B,2,NA,Control,NA,17,0.499736072,0.206607746,0.164825549,0.456158937,0.221720698
B,2,NA,Control,NA,18,0.506202117,0.208265436,0.164316093,0.473325094,0.239694657
B,2,NA,Control,NA,19,0.511135104,0.213528292,0.168592199,0.478360576,0.231968326
B,2,NA,Control,NA,20,0.532859551,0.228765303,0.177277013,0.515478878,0.24545906
B,2,NA,Control,NA,21,0.565994944,0.252055583,0.190247412,0.571478638,0.285763792
B,2,NA,Control,NA,22,0.539653693,0.241362656,0.188289591,0.519976626,0.249729818
B,2,NA,Control,NA,23,0.527231021,0.231326889,0.182696985,0.493644024,0.243069006
B,2,NA,Control,NA,24,0.505954263,0.220528146,0.177192874,0.463218998,0.224145694
B,2,NA,Control,NA,25,0.523526567,0.232970027,0.182828235,0.50469713,0.240020112
B,2,NA,Control,NA,26,0.550526344,0.249767141,0.1927779,0.543933928,0.268846934
B,2,NA,Control,NA,27,0.558594773,0.254958827,0.194026279,0.568907231,0.273798154
B,2,NA,Control,NA,28,0.527707152,0.233042607,0.180742862,0.520858664,0.260560601
B,2,NA,Control,NA,29,0.497516773,0.20977871,0.164857327,0.480034799,0.243292413
B,2,NA,Control,NA,30,0.495218541,0.211682599,0.164858062,0.492413827,0.234693259
A,1,30,KXI,A,1,0.327119851,0.176690407,0.140286569,0.424038759,0.082185919
A,1,30,KXI,A,2,0.283093542,0.167563205,0.135787108,0.390514804,0.068973962
A,1,30,KXI,A,3,0.267433899,0.169669794,0.137639862,0.394094284,0.063395266
A,1,30,KXI,A,4,0.277495768,0.170725045,0.138283245,0.392968609,0.061590575
A,1,30,KXI,A,5,0.22351586,0.152924553,0.12840555,0.336401383,0.045931001
A,1,30,KXI,A,6,0.206383092,0.14209866,0.119740703,0.320873695,0.041933897
A,1,30,KXI,A,7,0.245637563,0.149143126,0.124347382,0.342865754,0.050576703
A,1,30,KXI,A,8,0.283789555,0.158658955,0.130479563,0.366459863,0.06515587
A,1,30,KXI,A,9,0.286743565,0.152508632,0.127479506,0.342256912,0.067105699
A,1,30,KXI,A,10,0.31565067,0.157369738,0.128813145,0.371199705,0.079593844
A,1,30,KXI,A,11,0.342856796,0.158224437,0.129054049,0.376631461,0.099518347
A,1,30,KXI,A,12,0.413539001,0.181682824,0.145449489,0.424280661,0.144601645
A,1,30,KXI,A,13,0.439758312,0.18840043,0.150924986,0.431507002,0.160727404
A,1,30,KXI,A,14,0.427946312,0.188720214,0.149338244,0.442506282,0.145450526
A,1,30,KXI,A,15,0.366062981,0.177659406,0.142345825,0.411629346,0.107290095
A,1,30,KXI,A,16,0.349506847,0.174440863,0.141982305,0.398663369,0.084725718
A,1,30,KXI,A,17,0.342395864,0.170611969,0.13783366,0.4052168,0.087538617
A,1,30,KXI,A,18,0.342275697,0.171722927,0.138294084,0.40382192,0.092086321
A,1,30,KXI,A,19,0.331322643,0.171521679,0.139272494,0.396737581,0.081655546
A,1,30,KXI,A,20,0.278667895,0.154551358,0.128539973,0.351159515,0.063801939
A,1,30,KXI,A,21,0.246813573,0.144766124,0.121936001,0.327700989,0.056398742
A,1,30,KXI,A,22,0.258312917,0.149628186,0.125361714,0.337645619,0.060113945
A,1,30,KXI,A,23,0.309191882,0.168100054,0.140428363,0.360986406,0.076308452
A,1,30,KXI,A,24,0.352040724,0.178005705,0.146995758,0.384700087,0.104302046
A,1,30,KXI,A,25,0.393655129,0.184679753,0.149881012,0.41100061,0.141367855
A,1,30,KXI,A,26,0.431785323,0.195904958,0.157611228,0.435386888,0.177036581
A,1,30,KXI,A,27,0.462075739,0.208294167,0.165466841,0.462730098,0.20813889
A,1,30,KXI,A,28,0.427949271,0.186607514,0.14938241,0.425993627,0.189210545
A,1,30,KXI,A,29,0.434598655,0.184545534,0.150719637,0.404865365,0.198142925
A,1,30,KXI,A,30,0.44343611,0.184224701,0.152854308,0.386854966,0.194052971
A,2,1,KXI,W,1,0.23912702,0.153893728,0.120592226,0.422708461,0.050834869
A,2,1,KXI,W,2,0.180768823,0.134364627,0.109071407,0.357111735,0.039871187
A,2,1,KXI,W,3,0.137103408,0.120122298,0.100069056,0.312155156,0.032877943
A,2,1,KXI,W,4,0.118877941,0.114111732,0.096769316,0.288169736,0.028478572
A,2,1,KXI,W,5,0.145007367,0.12236147,0.102585161,0.310733718,0.032192225
A,2,1,KXI,W,6,0.156446093,0.125794604,0.104054042,0.327432458,0.034690312
A,2,1,KXI,W,7,0.174477825,0.124935987,0.100154977,0.36509769,0.039601906
A,2,1,KXI,W,8,0.255026602,0.15275316,0.116863211,0.452879915,0.057398434
A,2,1,KXI,W,9,0.289593908,0.166606714,0.125738432,0.482809756,0.063561463
A,2,1,KXI,W,10,0.270500003,0.160033352,0.121878823,0.465328402,0.058404321
A,2,1,KXI,W,11,0.267361592,0.159414208,0.123904691,0.437793142,0.057666215
A,2,1,KXI,W,12,0.299013457,0.172958399,0.1327768,0.46887856,0.059267918
A,2,1,KXI,W,13,0.298930416,0.167375719,0.128777861,0.462828559,0.060086754
A,2,1,KXI,W,14,0.316854357,0.169880253,0.129416258,0.478837701,0.071796557
A,2,1,KXI,W,15,0.386666583,0.199848587,0.148660142,0.540887408,0.095945026
A,2,1,KXI,W,16,0.383993318,0.187346645,0.141474843,0.50477986,0.110210506
A,2,1,KXI,W,17,0.400242477,0.186413687,0.143670183,0.475448669,0.136597816
A,2,1,KXI,W,18,0.469142164,0.206851906,0.15408475,0.544520365,0.186673449
A,2,1,KXI,W,19,0.523445169,0.22552739,0.165111424,0.591976496,0.229565131
A,2,1,KXI,W,20,0.574865358,0.248771891,0.178797464,0.639950086,0.292880967
A,2,1,KXI,W,21,0.591600418,0.267245039,0.191942255,0.660618508,0.300654682
A,2,1,KXI,W,22,0.567831331,0.260373339,0.191340172,0.6209084,0.279973861
A,2,1,KXI,W,23,0.564653765,0.257998355,0.191336647,0.60453652,0.302606822
A,2,1,KXI,W,24,0.580163156,0.262765514,0.192966421,0.624546228,0.326170066
A,2,1,KXI,W,25,0.573511947,0.258265543,0.190096206,0.615867372,0.318433304
A,2,1,KXI,W,26,0.566512689,0.257061199,0.190452436,0.607098248,0.316206087
A,2,1,KXI,W,27,0.540693616,0.245958384,0.187172853,0.560178041,0.268464758
A,2,1,KXI,W,28,0.547743629,0.243900965,0.185475457,0.558913743,0.289498314
A,2,1,KXI,W,29,0.553280338,0.250109817,0.189119236,0.571128407,0.295040674
A,2,1,KXI,W,30,0.538871901,0.243101784,0.185947906,0.550461456,0.275651293
A,4,1,Standard,W,1,0.191921649,0.106859929,0.086121653,0.339175764,0.042725819
A,4,1,Standard,W,2,0.223375439,0.114314975,0.090770706,0.368046336,0.052203213
A,4,1,Standard,W,3,0.24611549,0.114927342,0.091507443,0.362755508,0.057592293
A,4,1,Standard,W,4,0.271967765,0.118982096,0.094580496,0.371277434,0.072403101
A,4,1,Standard,W,5,0.336153838,0.138876034,0.111337876,0.381663522,0.097429523
A,4,1,Standard,W,6,0.386497415,0.148528051,0.122255697,0.360363675,0.122317732
A,4,1,Standard,W,7,0.404767742,0.146829042,0.122363647,0.348015346,0.13276222
A,4,1,Standard,W,8,0.418996275,0.153395914,0.126422593,0.366114151,0.151669792
A,4,1,Standard,W,9,0.453987406,0.166618312,0.132668198,0.420186304,0.183092124
A,4,1,Standard,W,10,0.438615618,0.156929308,0.125298219,0.408206865,0.168371595
A,4,1,Standard,W,11,0.49842842,0.181474437,0.138880159,0.488465839,0.237721414
A,4,1,Standard,W,12,0.496412972,0.184096237,0.138968228,0.50877911,0.234615178
A,4,1,Standard,W,13,0.514834206,0.188656712,0.140076675,0.537841146,0.258022601
A,4,1,Standard,W,14,0.493232842,0.180659388,0.136149111,0.508611638,0.222313428
A,4,1,Standard,W,15,0.472861725,0.169530039,0.13080231,0.467312225,0.197483519
A,4,1,Standard,W,16,0.491253465,0.181325412,0.136499469,0.510249724,0.221140617
A,4,1,Standard,W,17,0.483198329,0.175982161,0.134039311,0.488399155,0.218286196
A,4,1,Standard,W,18,0.496508695,0.186062998,0.140641623,0.508732598,0.240873522
A,4,1,Standard,W,19,0.506899665,0.196207815,0.146184649,0.536144898,0.242732741
A,4,1,Standard,W,20,0.508402769,0.198521219,0.148767636,0.532100108,0.240262594
A,4,1,Standard,W,21,0.483027042,0.18424723,0.142018368,0.480348348,0.226183497
A,4,1,Standard,W,22,0.457418106,0.175533739,0.138311582,0.441835379,0.208811179
A,4,1,Standard,W,23,0.461557437,0.179370447,0.143444753,0.426388292,0.219303513
A,4,1,Standard,W,24,0.530396092,0.221506157,0.165644451,0.558149624,0.278761987
A,4,1,Standard,W,25,0.578929066,0.246730411,0.179858584,0.620352318,0.347704561
A,4,1,Standard,W,26,0.583078008,0.253446304,0.184835242,0.626772972,0.359141596
A,4,1,Standard,W,27,0.543782847,0.228846201,0.170584579,0.570862447,0.306670593
A,4,1,Standard,W,28,0.560960764,0.232006593,0.171097979,0.587891919,0.336435973
A,4,1,Standard,W,29,0.54064624,0.224722038,0.167241417,0.567264247,0.289115458
A,4,1,Standard,W,30,0.516208222,0.203856134,0.154930012,0.516645158,0.278712938
A,5,1,Standard,A,1,0.468141496,0.171471413,0.13372051,0.447234782,0.212924551
A,5,1,Standard,A,2,0.47114372,0.18091274,0.138696203,0.468494286,0.203068139
A,5,1,Standard,A,3,0.402112795,0.140647689,0.114058274,0.374285989,0.149475493
A,5,1,Standard,A,4,0.437986219,0.151122403,0.121330261,0.396058497,0.178998054
A,5,1,Standard,A,5,0.447567654,0.15220208,0.120846338,0.409621235,0.198025205
A,5,1,Standard,A,6,0.512607239,0.186690824,0.13742431,0.538661743,0.271050197
A,5,1,Standard,A,7,0.411313803,0.14547136,0.115008995,0.407303845,0.147776062
A,5,1,Standard,A,8,0.417452079,0.136247871,0.110799309,0.364160467,0.170618833
A,5,1,Standard,A,9,0.424833501,0.150393159,0.119992436,0.389986581,0.183364741
A,5,1,Standard,A,10,0.400190265,0.135820372,0.112463755,0.344073502,0.151645997
A,5,1,Standard,A,11,0.42323807,0.147000561,0.121545982,0.35624513,0.172133278
A,5,1,Standard,A,12,0.414584151,0.142902483,0.118051514,0.353719639,0.164945045
A,5,1,Standard,A,13,0.439326815,0.152163886,0.124685162,0.3729658,0.182765712
A,5,1,Standard,A,14,0.431773467,0.151378973,0.121853436,0.393278755,0.18535361
A,5,1,Standard,A,15,0.434244076,0.148601668,0.119831158,0.387882064,0.190993016
A,5,1,Standard,A,16,0.434381281,0.147047087,0.117154447,0.400952359,0.208891108
A,5,1,Standard,A,17,0.448286596,0.163843158,0.128446284,0.43785317,0.201700781
A,5,1,Standard,A,18,0.430370311,0.155021222,0.12464432,0.39809609,0.18201938
A,5,1,Standard,A,19,0.435549087,0.15485982,0.123713687,0.402665952,0.198846914
A,5,1,Standard,A,20,0.424494656,0.147985323,0.120180619,0.375635723,0.188036184
A,5,1,Standard,A,21,0.434386015,0.156023081,0.125850998,0.393000061,0.193444476
A,5,1,Standard,A,22,0.446941639,0.164853168,0.131287876,0.41692188,0.203390051
A,5,1,Standard,A,23,0.443140501,0.160745069,0.128101026,0.410714659,0.207016044
A,5,1,Standard,A,24,0.492988443,0.186515793,0.14533774,0.466081498,0.251466772
A,5,1,Standard,A,25,0.506786801,0.204186524,0.158931067,0.48721278,0.246705161
A,5,1,Standard,A,26,0.472398688,0.199514284,0.160802018,0.43798696,0.204505384
A,5,1,Standard,A,27,0.487814949,0.210933377,0.17189308,0.438634349,0.221496341
A,5,1,Standard,A,28,0.515545248,0.222435094,0.177573705,0.47596022,0.243778678
A,5,1,Standard,A,29,0.505253462,0.195489359,0.151698277,0.482607199,0.255314077
A,5,1,Standard,A,30,0.441701367,0.160531867,0.128146514,0.411005879,0.200400311
A,6,10,KXI,A,1,0.412896332,0.148226834,0.122645122,0.353618509,0.152536561
A,6,10,KXI,A,2,0.463438544,0.17547418,0.138099423,0.428105071,0.212457704
A,6,10,KXI,A,3,0.345534064,0.126035054,0.10601909,0.312526537,0.120387634
A,6,10,KXI,A,4,0.389466985,0.131227752,0.109397949,0.330384071,0.150892917
A,6,10,KXI,A,5,0.393346959,0.135122881,0.111425416,0.347561923,0.157842228
A,6,10,KXI,A,6,0.391879971,0.137059388,0.113770209,0.341329817,0.155163688
A,6,10,KXI,A,7,0.403285665,0.14352413,0.117215597,0.365897473,0.170424806
A,6,10,KXI,A,8,0.393563707,0.14223648,0.115635119,0.369461869,0.159961232
A,6,10,KXI,A,9,0.390488241,0.14349124,0.117624013,0.358623718,0.156732364
A,6,10,KXI,A,10,0.390728417,0.140061438,0.117028952,0.335804642,0.149344295
A,6,10,KXI,A,11,0.404876068,0.143334829,0.119482767,0.340896111,0.160422574
A,6,10,KXI,A,12,0.427491525,0.149067605,0.120706394,0.383789972,0.194611147
A,6,10,KXI,A,13,0.405583641,0.149428716,0.123274523,0.359562664,0.152341703
A,6,10,KXI,A,14,0.420888746,0.150094711,0.123212812,0.365055278,0.179003382
A,6,10,KXI,A,15,0.429080583,0.159590183,0.129651778,0.387566223,0.177180995
A,6,10,KXI,A,16,0.442587896,0.158834407,0.129214042,0.384921235,0.1978482
A,6,10,KXI,A,17,0.434633909,0.161886161,0.130783981,0.398400233,0.187914438
A,6,10,KXI,A,18,0.439427845,0.160560132,0.129710844,0.396160045,0.191915282
A,6,10,KXI,A,19,0.455995438,0.173953579,0.137815055,0.431620977,0.209943967
A,6,10,KXI,A,20,0.461283737,0.172496408,0.137500099,0.423422815,0.216379241
A,6,10,KXI,A,21,0.456807113,0.173783961,0.136650974,0.438056773,0.213154796
A,6,10,KXI,A,22,0.437114637,0.164743103,0.131083393,0.412546579,0.189852007
A,6,10,KXI,A,23,0.430602996,0.156835942,0.126599634,0.39136473,0.191545911
A,6,10,KXI,A,24,0.438797774,0.155777313,0.12527383,0.394946886,0.210894758
A,6,10,KXI,A,25,0.465627342,0.169503262,0.132313018,0.444634097,0.219612965
A,6,10,KXI,A,26,0.44259797,0.163160214,0.129509126,0.417898521,0.207496564
A,6,10,KXI,A,27,0.436723995,0.156672667,0.126168472,0.39257802,0.195495179
A,6,10,KXI,A,28,0.41472801,0.146998649,0.118920233,0.379886259,0.181897914
A,6,10,KXI,A,29,0.430672529,0.145053996,0.117374576,0.378837843,0.21043229
A,6,10,KXI,A,30,0.428769742,0.143036748,0.115804122,0.377813252,0.196586823
A,7,10,KXI,W,1,0.143275188,0.07991776,0.064888899,0.278279141,0.037743081
A,7,10,KXI,W,2,0.084295289,0.057520658,0.048130766,0.223881245,0.027918033
A,7,10,KXI,W,3,0.136861524,0.073364858,0.060638533,0.258999272,0.036796095
A,7,10,KXI,W,4,0.171566819,0.089622798,0.075200045,0.276437813,0.041883876
A,7,10,KXI,W,5,0.237774943,0.110727346,0.090557906,0.328521197,0.058976074
A,7,10,KXI,W,6,0.307642238,0.131659784,0.103765717,0.397956153,0.086073473
A,7,10,KXI,W,7,0.379152644,0.155748818,0.121170636,0.437208973,0.128425743
A,7,10,KXI,W,8,0.419099984,0.164008427,0.129307394,0.431299269,0.158686812
A,7,10,KXI,W,9,0.451350451,0.175596561,0.138417582,0.44287079,0.193277734
A,7,10,KXI,W,10,0.479344409,0.185231891,0.14421275,0.473181312,0.226382909
A,7,10,KXI,W,11,0.440753951,0.174529925,0.13645312,0.455178676,0.170228991
A,7,10,KXI,W,12,0.423184641,0.16551392,0.133347339,0.406534566,0.162854461
A,7,10,KXI,W,13,0.435301941,0.173442647,0.139297315,0.417981787,0.174561796
A,7,10,KXI,W,14,0.451201742,0.184987881,0.146355221,0.44596182,0.18982119
A,7,10,KXI,W,15,0.450065368,0.190407811,0.149700518,0.459644303,0.18982027
A,7,10,KXI,W,16,0.440783215,0.185853747,0.144881259,0.468511959,0.176836696
A,7,10,KXI,W,17,0.428313661,0.176417708,0.138035631,0.45401804,0.170006654
A,7,10,KXI,W,18,0.422923998,0.168890165,0.132764518,0.440667426,0.16431768
A,7,10,KXI,W,19,0.435784141,0.172618626,0.136131996,0.440743778,0.165251377
A,7,10,KXI,W,20,0.475355905,0.191886597,0.148842468,0.478355442,0.206915173
A,7,10,KXI,W,21,0.477346653,0.19326695,0.149334495,0.483096502,0.203232221
A,7,10,KXI,W,22,0.484721336,0.191070834,0.148566603,0.476612141,0.222521845
A,7,10,KXI,W,23,0.471638437,0.184458515,0.143928029,0.466877437,0.210991658
A,7,10,KXI,W,24,0.485488881,0.188681464,0.143801712,0.499154825,0.235006536
A,7,10,KXI,W,25,0.478362351,0.185103991,0.142223166,0.485078121,0.231313198
A,7,10,KXI,W,26,0.437322883,0.16550779,0.129382303,0.43815313,0.195281854
A,7,10,KXI,W,27,0.400845154,0.137962494,0.111030266,0.375036507,0.173269785
A,7,10,KXI,W,28,0.419531136,0.145814909,0.117539538,0.383868497,0.188945571
A,7,10,KXI,W,29,0.440919855,0.155649062,0.123871413,0.408437813,0.215023654
A,7,10,KXI,W,30,0.420023301,0.149831404,0.120139567,0.39149249,0.1870941
A,11,30,KXI,W,1,0.133107593,0.088321531,0.072981938,0.277329984,0.036005026
A,11,30,KXI,W,2,0.111774825,0.079328194,0.065989362,0.264914694,0.033463338
A,11,30,KXI,W,3,0.131231418,0.087138893,0.07161392,0.280983511,0.036780388
A,11,30,KXI,W,4,0.11372015,0.076725019,0.063396422,0.261446113,0.033247248
A,11,30,KXI,W,5,0.111101942,0.074039756,0.060922013,0.26184011,0.03182654
A,11,30,KXI,W,6,0.131821271,0.077681205,0.064434834,0.272364892,0.034358883
A,11,30,KXI,W,7,0.144637142,0.083466292,0.069901635,0.268140242,0.038926345
A,11,30,KXI,W,8,0.208863137,0.109833186,0.089211837,0.322040533,0.054632109
A,11,30,KXI,W,9,0.260874083,0.133981054,0.107409047,0.367552615,0.068734421
A,11,30,KXI,W,10,0.279123076,0.131845907,0.104931326,0.367956891,0.082152329
A,11,30,KXI,W,11,0.309970154,0.1378217,0.108286124,0.392628314,0.091815789
A,11,30,KXI,W,12,0.282045938,0.118086951,0.095742814,0.347761725,0.086219427
A,11,30,KXI,W,13,0.378071363,0.147936748,0.115206612,0.421665642,0.141613404
A,11,30,KXI,W,14,0.396580065,0.157334332,0.123689921,0.427939226,0.145859261
A,11,30,KXI,W,15,0.421168906,0.163043231,0.129396937,0.420973327,0.170816758
A,11,30,KXI,W,16,0.451111309,0.175141464,0.137370905,0.445981907,0.200027774
A,11,30,KXI,W,17,0.451109264,0.179218584,0.140586225,0.452862297,0.206456689
A,11,30,KXI,W,18,0.430031289,0.163464537,0.128527391,0.431913583,0.1852259
A,11,30,KXI,W,19,0.460957837,0.173029295,0.133407225,0.466938481,0.223051238
A,11,30,KXI,W,20,0.435316716,0.162964434,0.127775459,0.435976528,0.189239269
A,11,30,KXI,W,21,0.448705317,0.160705069,0.12450571,0.448256517,0.21502597
A,11,30,KXI,W,22,0.438909856,0.157860892,0.122119851,0.445292725,0.201497165
A,11,30,KXI,W,23,0.449389562,0.159608336,0.123101329,0.452218577,0.215543857
A,11,30,KXI,W,24,0.482572556,0.169720389,0.1272368,0.498195307,0.253386972
A,11,30,KXI,W,25,0.44878738,0.155077284,0.119449755,0.451791364,0.21297182
A,11,30,KXI,W,26,0.450325905,0.155189622,0.119159416,0.453177067,0.204065211
A,11,30,KXI,W,27,0.449068576,0.153443097,0.117397829,0.455034485,0.213924747
A,11,30,KXI,W,28,0.447211929,0.156740183,0.119598004,0.465192645,0.196643919
A,11,30,KXI,W,29,0.429706368,0.140456456,0.109370244,0.423597929,0.201670242
A,11,30,KXI,W,30,0.447840772,0.152241323,0.117767906,0.444179706,0.218708524
A,14,1,KXI,A,1,0.473233996,0.200586935,0.16003775,0.447891344,0.191810582
A,14,1,KXI,A,2,0.46881008,0.194504117,0.156543513,0.435210965,0.178541336
A,14,1,KXI,A,3,0.492759207,0.21426686,0.170698289,0.459611844,0.199158412
A,14,1,KXI,A,4,0.439024233,0.191769026,0.158461529,0.396623076,0.152137864
A,14,1,KXI,A,5,0.465243975,0.192297265,0.156520314,0.417003445,0.192240456
A,14,1,KXI,A,6,0.477190559,0.194915095,0.157734823,0.429370252,0.199965622
A,14,1,KXI,A,7,0.471960033,0.199950312,0.160547639,0.440940145,0.20059899
A,14,1,KXI,A,8,0.454530413,0.18366738,0.151066711,0.397118827,0.176508544
A,14,1,KXI,A,9,0.509325065,0.201931583,0.158549022,0.474859619,0.230065398
A,14,1,KXI,A,10,0.471079153,0.189713721,0.154124723,0.419584666,0.185581765
A,14,1,KXI,A,11,0.493144724,0.202344385,0.164010697,0.434089158,0.211228475
A,14,1,KXI,A,12,0.57713876,0.25568212,0.193794873,0.568355263,0.320445144
A,14,1,KXI,A,13,0.603703065,0.288758822,0.211643422,0.649704575,0.295580754
A,14,1,KXI,A,14,0.466997297,0.212428806,0.166982112,0.478348893,0.159493692
A,14,1,KXI,A,15,0.442379483,0.17420427,0.144116296,0.381882709,0.17014454
A,14,1,KXI,A,16,0.44438364,0.171618562,0.140852618,0.388778391,0.182906371
A,14,1,KXI,A,17,0.427626022,0.167170156,0.138598254,0.370931856,0.170240704
A,14,1,KXI,A,18,0.471855196,0.182612032,0.146245034,0.431290645,0.208813244
A,14,1,KXI,A,19,0.487039663,0.189782012,0.147379516,0.47695683,0.233460608
A,14,1,KXI,A,20,0.475976737,0.181432828,0.140186264,0.476618319,0.217874354
A,14,1,KXI,A,21,0.448612743,0.166424689,0.133513543,0.412558557,0.178252123
A,14,1,KXI,A,22,0.458143039,0.170771337,0.135643511,0.426178434,0.196432937
A,14,1,KXI,A,23,0.460619836,0.176529194,0.138609603,0.439551658,0.187643171
A,14,1,KXI,A,24,0.446389843,0.171285374,0.135960263,0.430205765,0.179192729
A,14,1,KXI,A,25,0.506302048,0.198528356,0.150223634,0.508043076,0.249109544
A,14,1,KXI,A,26,0.452605451,0.173309812,0.1351188,0.455177796,0.185853735
A,14,1,KXI,A,27,0.459798161,0.169701469,0.133297637,0.441711092,0.181898823
A,14,1,KXI,A,28,0.552151909,0.212873066,0.155611154,0.571937155,0.2967819
A,14,1,KXI,A,29,0.519652346,0.205574943,0.153686805,0.535430225,0.223553361
A,14,1,KXI,A,30,0.493359952,0.184774298,0.139221828,0.506820173,0.216201797
A,8,NA,Control,NA,1,0.124334174,0.080984932,0.065337806,0.308010695,0.030940717
A,8,NA,Control,NA,2,0.240911239,0.118848544,0.090477346,0.424036687,0.05041682
A,8,NA,Control,NA,3,0.197872369,0.101451432,0.079577943,0.366318967,0.043360909
A,8,NA,Control,NA,4,0.246534903,0.114188584,0.089215409,0.386929367,0.052800576
A,8,NA,Control,NA,5,0.282708167,0.129547119,0.102369868,0.390269168,0.060507773
A,8,NA,Control,NA,6,0.504212248,0.224441562,0.156581885,0.634725577,0.213196135
A,8,NA,Control,NA,7,0.354035902,0.161324779,0.121714708,0.471931717,0.080095077
A,8,NA,Control,NA,8,0.308269659,0.128625087,0.102220512,0.388440177,0.075237192
A,8,NA,Control,NA,9,0.364567362,0.144032309,0.113884383,0.405807997,0.116107927
A,8,NA,Control,NA,10,0.451810242,0.173546214,0.130684419,0.495892127,0.174737336
A,8,NA,Control,NA,11,0.499955374,0.189685008,0.139761775,0.535653358,0.224770988
A,8,NA,Control,NA,12,0.456074424,0.177720245,0.135497644,0.490248853,0.162286226
A,8,NA,Control,NA,13,0.496553597,0.189503454,0.141709698,0.521208309,0.225410918
A,8,NA,Control,NA,14,0.532654155,0.209601962,0.153220127,0.562689261,0.254633188
A,8,NA,Control,NA,15,0.478281709,0.186318314,0.1420959,0.49462542,0.189225328
A,8,NA,Control,NA,16,0.492036463,0.185629765,0.140025725,0.510467719,0.221724359
A,8,NA,Control,NA,17,0.489976268,0.188179362,0.143311195,0.500817251,0.217964439
A,8,NA,Control,NA,18,0.533694605,0.211754025,0.155451299,0.561528127,0.268127212
A,8,NA,Control,NA,19,0.48963796,0.193080526,0.1447728,0.519431412,0.202667724
A,8,NA,Control,NA,20,0.487650361,0.175367577,0.133712951,0.486491027,0.243205747
A,8,NA,Control,NA,21,0.513927741,0.193378087,0.144726063,0.529590888,0.252766886
A,8,NA,Control,NA,22,0.55164273,0.218233026,0.157499462,0.604842763,0.29252457
A,8,NA,Control,NA,23,0.547073222,0.214938718,0.152041385,0.630822245,0.285847743
A,8,NA,Control,NA,24,0.560216216,0.227146773,0.160297766,0.63234741,0.286604193
A,8,NA,Control,NA,25,0.486090407,0.179408151,0.133799125,0.51887725,0.211356345
A,8,NA,Control,NA,26,0.545588969,0.201038317,0.142923448,0.603634931,0.301987962
A,8,NA,Control,NA,27,0.462254558,0.17255155,0.128579885,0.507336458,0.178937866
A,8,NA,Control,NA,28,0.464093805,0.156666644,0.118784916,0.470490758,0.217143841
A,8,NA,Control,NA,29,0.488580882,0.173124151,0.127492814,0.527178444,0.237263085
A,8,NA,Control,NA,30,0.508500886,0.191369599,0.140336939,0.552283497,0.242970345
A,9,NA,Control,NA,1,0.469671456,0.175855104,0.134881432,0.478356356,0.192528186
A,9,NA,Control,NA,2,0.515669518,0.193310481,0.144626119,0.52918536,0.238393248
A,9,NA,Control,NA,3,0.508343786,0.197755424,0.144706416,0.564067564,0.208035787
A,9,NA,Control,NA,4,0.437264488,0.156753702,0.118819347,0.472511281,0.162885351
A,9,NA,Control,NA,5,0.413526479,0.135211855,0.105375058,0.416290425,0.1607784
A,9,NA,Control,NA,6,0.424241294,0.135260863,0.104418128,0.428291728,0.172223046
A,9,NA,Control,NA,7,0.436915505,0.141832957,0.108838841,0.445490629,0.184667376
A,9,NA,Control,NA,8,0.447376587,0.151264507,0.116031312,0.45391985,0.18444514
A,9,NA,Control,NA,9,0.501025388,0.185039687,0.136942761,0.534640056,0.215748228
A,9,NA,Control,NA,10,0.528721524,0.200388258,0.14374214,0.591705422,0.238459323
A,9,NA,Control,NA,11,0.530432289,0.198508442,0.140003721,0.601145075,0.249296407
A,9,NA,Control,NA,12,0.389197512,0.142584008,0.110710708,0.427628972,0.127856256
A,9,NA,Control,NA,13,0.404436202,0.144949225,0.111463977,0.443710227,0.151501125
A,9,NA,Control,NA,14,0.413762612,0.141083198,0.110112005,0.422378613,0.169497955
A,9,NA,Control,NA,15,0.46625306,0.161850214,0.121388663,0.495093807,0.20628846
A,9,NA,Control,NA,16,0.465204897,0.16886849,0.128133649,0.48485178,0.211804075
A,9,NA,Control,NA,17,0.474266016,0.168216428,0.125119209,0.51199447,0.207442747
A,9,NA,Control,NA,18,0.456979382,0.161610261,0.124451646,0.460747131,0.193137531
A,9,NA,Control,NA,19,0.481925524,0.174223507,0.131512696,0.496208318,0.221616153
A,9,NA,Control,NA,20,0.4767803,0.170998044,0.128768879,0.493485246,0.212728424
A,9,NA,Control,NA,21,0.452009256,0.159820149,0.120293587,0.487871327,0.192626283
A,9,NA,Control,NA,22,0.472643214,0.16636033,0.125293547,0.491616021,0.216232228
A,9,NA,Control,NA,23,0.500197492,0.176855137,0.128546689,0.549941043,0.270420915
A,9,NA,Control,NA,24,0.508050289,0.186023693,0.135138526,0.558374925,0.24795743
A,9,NA,Control,NA,25,0.536568512,0.203088973,0.14492357,0.602159481,0.264737311
A,9,NA,Control,NA,26,0.556194982,0.214626679,0.151071513,0.632348362,0.306505146
A,9,NA,Control,NA,27,0.492884973,0.190062833,0.137318901,0.565627035,0.196789965
A,9,NA,Control,NA,28,0.479589253,0.172005653,0.127484686,0.514362763,0.227589221
A,9,NA,Control,NA,29,0.498993421,0.174161275,0.126727135,0.540148165,0.241592239
A,9,NA,Control,NA,30,0.432291613,0.143446123,0.110756272,0.437917866,0.17911717
A,10,NA,Control,NA,1,0.451342862,0.182679337,0.134628029,0.528267932,0.152607875
A,10,NA,Control,NA,2,0.532349787,0.203185432,0.14648169,0.587304881,0.250707661
A,10,NA,Control,NA,3,0.524971634,0.19195275,0.139407089,0.566641279,0.246906438
A,10,NA,Control,NA,4,0.537174956,0.199208225,0.140909889,0.603110027,0.247397993
A,10,NA,Control,NA,5,0.459918706,0.16373044,0.123111005,0.492858076,0.170323814
A,10,NA,Control,NA,6,0.450609391,0.156958101,0.120634455,0.457032765,0.177694272
A,10,NA,Control,NA,7,0.461308226,0.168547329,0.130791029,0.456863067,0.189088175
A,10,NA,Control,NA,8,0.49161092,0.189123291,0.143130214,0.510711366,0.216732407
A,10,NA,Control,NA,9,0.555046362,0.212704425,0.151472103,0.613581074,0.298120984
A,10,NA,Control,NA,10,0.499661502,0.188036584,0.137930276,0.550345862,0.216060682
A,10,NA,Control,NA,11,0.560226073,0.212860797,0.148774279,0.642189919,0.302961349
A,10,NA,Control,NA,12,0.582776296,0.219486414,0.150706514,0.672620933,0.319653395
A,10,NA,Control,NA,13,0.461807863,0.181005143,0.133069525,0.539066034,0.164286154
A,10,NA,Control,NA,14,0.474736994,0.174811151,0.131762742,0.501142118,0.205600706
A,10,NA,Control,NA,15,0.453817513,0.173495464,0.133731252,0.469840928,0.178256036
A,10,NA,Control,NA,16,0.460196148,0.171212625,0.130430939,0.482562007,0.192811094
A,10,NA,Control,NA,17,0.444891937,0.159346406,0.121812589,0.465973125,0.18801395
A,10,NA,Control,NA,18,0.450651878,0.155678531,0.118770172,0.462723765,0.215146865
A,10,NA,Control,NA,19,0.475029126,0.160686085,0.118536534,0.516644919,0.231342712
A,10,NA,Control,NA,20,0.480754692,0.16773574,0.123209054,0.528603061,0.219694054
A,10,NA,Control,NA,21,0.482993355,0.170160774,0.125323973,0.522569601,0.235885882
A,10,NA,Control,NA,22,0.507733944,0.180592615,0.130051567,0.562623381,0.256067274
A,10,NA,Control,NA,23,0.478855165,0.176370347,0.129857806,0.531731104,0.209297006
A,10,NA,Control,NA,24,0.524572893,0.192694155,0.136792145,0.600763556,0.283867338
A,10,NA,Control,NA,25,0.529573878,0.195061966,0.139663935,0.58965197,0.278642889
A,10,NA,Control,NA,26,0.529406637,0.194806301,0.138383319,0.59921546,0.273877777
A,10,NA,Control,NA,27,0.522900792,0.20024318,0.144369407,0.585744542,0.247060046
A,10,NA,Control,NA,28,0.490865594,0.177920799,0.131221059,0.534237275,0.222341653
A,10,NA,Control,NA,29,0.462447699,0.161081723,0.121210918,0.488762068,0.208247026
A,10,NA,Control,NA,30,0.477551005,0.161910218,0.119486349,0.515014923,0.227620569
A,12,NA,Control,NA,1,0.153021547,0.111155652,0.088930551,0.352391691,0.034061501
A,12,NA,Control,NA,2,0.149255398,0.110137986,0.088067193,0.344174021,0.034026656
A,12,NA,Control,NA,3,0.151185345,0.102859186,0.082347404,0.344247887,0.035063854
A,12,NA,Control,NA,4,0.152666953,0.099229387,0.080912524,0.317864422,0.035367996
A,12,NA,Control,NA,5,0.21093188,0.120260716,0.096904619,0.355330996,0.048185949
A,12,NA,Control,NA,6,0.327415259,0.153432816,0.120492067,0.423810951,0.080719861
A,12,NA,Control,NA,7,0.448202102,0.194427375,0.146826684,0.522167777,0.126768688
A,12,NA,Control,NA,8,0.407767315,0.175053247,0.1380794,0.444307869,0.118998337
A,12,NA,Control,NA,9,0.462503629,0.19436876,0.153609161,0.4615488,0.156801356
A,12,NA,Control,NA,10,0.46161809,0.186436721,0.148908749,0.440606951,0.168186106
A,12,NA,Control,NA,11,0.469486361,0.188156701,0.148895755,0.452576525,0.17856406
A,12,NA,Control,NA,12,0.5152765,0.213678502,0.164288236,0.515083677,0.21676724
A,12,NA,Control,NA,13,0.566059549,0.248605562,0.181913201,0.612667617,0.272685353
A,12,NA,Control,NA,14,0.611940661,0.271825678,0.191922486,0.686622602,0.348885108
A,12,NA,Control,NA,15,0.56264042,0.25123992,0.179544216,0.650665622,0.234966376
A,12,NA,Control,NA,16,0.551809789,0.22959494,0.166344378,0.608261519,0.273886832
A,12,NA,Control,NA,17,0.561771972,0.243423065,0.178547746,0.607358272,0.251731445
A,12,NA,Control,NA,18,0.550005871,0.235549953,0.173494519,0.591298566,0.246610241
A,12,NA,Control,NA,19,0.52643655,0.21344402,0.158312511,0.562892397,0.242174891
A,12,NA,Control,NA,20,0.51420942,0.20488998,0.150635894,0.565515744,0.226152783
A,12,NA,Control,NA,21,0.524728157,0.209126298,0.152050764,0.580656912,0.235873192
A,12,NA,Control,NA,22,0.497228608,0.197366448,0.146591487,0.544256272,0.203819609
A,12,NA,Control,NA,23,0.467027278,0.17877215,0.135730508,0.495043593,0.185424368
A,12,NA,Control,NA,24,0.47261093,0.165075459,0.125366704,0.482541568,0.213944079
A,12,NA,Control,NA,25,0.464492503,0.162671433,0.123939503,0.473865161,0.199037148
A,12,NA,Control,NA,26,0.487504049,0.17107731,0.128764721,0.49982553,0.221097858
A,12,NA,Control,NA,27,0.502899273,0.176128744,0.131716522,0.512631643,0.221285791
A,12,NA,Control,NA,28,0.539210928,0.199113288,0.143426226,0.580984783,0.290876177
A,12,NA,Control,NA,29,0.591480999,0.232273406,0.161209816,0.669064792,0.311968003
A,12,NA,Control,NA,30,0.493953068,0.184939916,0.135069908,0.548966819,0.206900451
A,13,NA,Control,NA,1,0.39623304,0.189662184,0.146579427,0.480326145,0.108213489
A,13,NA,Control,NA,2,0.41815125,0.197858101,0.149859703,0.51855927,0.10897726
A,13,NA,Control,NA,3,0.412456059,0.189744508,0.14377462,0.508807652,0.108490563
A,13,NA,Control,NA,4,0.425486051,0.192652466,0.146401856,0.507378874,0.118611347
A,13,NA,Control,NA,5,0.424456148,0.194995412,0.148850038,0.503149794,0.111783952
A,13,NA,Control,NA,6,0.486066887,0.226103805,0.1691492,0.562190859,0.15444542
A,13,NA,Control,NA,7,0.46983635,0.21849055,0.165982921,0.534365391,0.157575205
A,13,NA,Control,NA,8,0.481005965,0.214040229,0.16308042,0.525651016,0.160581078
A,13,NA,Control,NA,9,0.475861501,0.206544947,0.159051836,0.500664991,0.167634643
A,13,NA,Control,NA,10,0.484464211,0.207961017,0.159361195,0.506501445,0.179396158
A,13,NA,Control,NA,11,0.489660374,0.207245273,0.160403642,0.498289878,0.182466796
A,13,NA,Control,NA,12,0.498701338,0.203227919,0.155638829,0.508536823,0.216358372
A,13,NA,Control,NA,13,0.501279247,0.204181986,0.15685815,0.505600894,0.213009707
A,13,NA,Control,NA,14,0.489812235,0.201029567,0.156661735,0.485728333,0.203647973
A,13,NA,Control,NA,15,0.497607569,0.203492777,0.158343142,0.488396661,0.206583536
A,13,NA,Control,NA,16,0.495704005,0.203012879,0.157422098,0.493373494,0.201657692
A,13,NA,Control,NA,17,0.500295698,0.203094231,0.158625642,0.480861495,0.219345644
A,13,NA,Control,NA,18,0.56099054,0.229241049,0.166549919,0.602091005,0.299568428
A,13,NA,Control,NA,19,0.458200781,0.183397098,0.142534787,0.466212304,0.1709155
A,13,NA,Control,NA,20,0.452079376,0.170544989,0.131064396,0.470634699,0.177765868
A,13,NA,Control,NA,21,0.484354355,0.185647907,0.13941157,0.504040697,0.211830964
A,13,NA,Control,NA,22,0.574994134,0.21881683,0.154581301,0.612792204,0.315290564
A,13,NA,Control,NA,23,0.54165242,0.204423788,0.145675862,0.60667006,0.255408197
A,13,NA,Control,NA,24,0.523939308,0.193136656,0.140140141,0.569073117,0.241679109
A,13,NA,Control,NA,25,0.54065044,0.203709336,0.146698733,0.584390345,0.281412802
A,13,NA,Control,NA,26,0.575784431,0.222976042,0.157336593,0.628255986,0.296508735
A,13,NA,Control,NA,27,0.460639698,0.156857692,0.11826218,0.478661785,0.167886968
A,13,NA,Control,NA,28,0.459249232,0.148329423,0.112519299,0.466618876,0.209051702
A,13,NA,Control,NA,29,0.456984799,0.146148682,0.110970134,0.461520379,0.207635019
A,13,NA,Control,NA,30,0.462630612,0.144190035,0.110441117,0.450149623,0.21010226
A,3,NA,Control,NA,1,0.331379007,0.186653691,0.146460051,0.45854318,0.067178452
A,3,NA,Control,NA,2,0.403934017,0.210062297,0.1605293,0.515579571,0.090969238
A,3,NA,Control,NA,3,0.427660094,0.201730465,0.153581801,0.516043401,0.116971554
A,3,NA,Control,NA,4,0.455316998,0.203614678,0.153535616,0.530954152,0.143931568
A,3,NA,Control,NA,5,0.451910604,0.203069006,0.154054482,0.522554291,0.141386683
A,3,NA,Control,NA,6,0.432390512,0.186289142,0.142971622,0.490467927,0.141754712
A,3,NA,Control,NA,7,0.417911903,0.182669038,0.140763258,0.478867815,0.14011875
A,3,NA,Control,NA,8,0.401542804,0.16409477,0.129169966,0.435559526,0.123161368
A,3,NA,Control,NA,9,0.369261581,0.157585263,0.126771779,0.40080833,0.099444156
A,3,NA,Control,NA,10,0.38203871,0.158859907,0.127856983,0.399609961,0.107328796
A,3,NA,Control,NA,11,0.411862358,0.172040207,0.136361344,0.432677594,0.129200949
A,3,NA,Control,NA,12,0.416636321,0.175785489,0.140044146,0.429835894,0.125570564
A,3,NA,Control,NA,13,0.407082367,0.185248822,0.145558349,0.452927146,0.11370362
A,3,NA,Control,NA,14,0.330434403,0.16506038,0.132296619,0.410020161,0.075789334
A,3,NA,Control,NA,15,0.301569273,0.150716388,0.122820489,0.376759637,0.066349541
A,3,NA,Control,NA,16,0.308535919,0.156420547,0.12567094,0.400105286,0.066812623
A,3,NA,Control,NA,17,0.288505614,0.151219623,0.124055334,0.368618218,0.058192787
A,3,NA,Control,NA,18,0.299549291,0.155198823,0.123927148,0.404649446,0.0678337
A,3,NA,Control,NA,19,0.282822132,0.146562309,0.117955821,0.385718849,0.063659007
A,3,NA,Control,NA,20,0.338199723,0.165017277,0.130076648,0.430736864,0.082072653
A,3,NA,Control,NA,21,0.404018562,0.193576627,0.147116531,0.505550714,0.113554899
A,3,NA,Control,NA,22,0.364278761,0.177498486,0.140894185,0.431284795,0.09255284
A,3,NA,Control,NA,23,0.426079287,0.205303181,0.163399644,0.460353132,0.131952103
A,3,NA,Control,NA,24,0.473781593,0.215165194,0.16939494,0.485561936,0.186014785
A,3,NA,Control,NA,25,0.462149811,0.210884233,0.170605542,0.446254557,0.179776771
A,3,NA,Control,NA,26,0.499710435,0.220912477,0.17658904,0.471974325,0.219763674
A,3,NA,Control,NA,27,0.528547162,0.22599868,0.177147378,0.502295899,0.264932748
A,3,NA,Control,NA,28,0.543902853,0.231861485,0.177962024,0.534903067,0.292079436
A,3,NA,Control,NA,29,0.541254091,0.231708395,0.178834455,0.527454141,0.278855558
A,3,NA,Control,NA,30,0.491443851,0.207095474,0.164005095,0.469390615,0.228296519
